source_path	target_path	size	sha256	source_sha256	transform
UploadFiles/xwzx/2023/1/202301021028473235.png	UploadFiles/xwzx/2023/1/202301021028473235.png	31279	37b4339758fb6da33eb9158dd7b48c78ef9b9dcbd85e16420e6699ebdf3acd2d	37b4339758fb6da33eb9158dd7b48c78ef9b9dcbd85e16420e6699ebdf3acd2d	
UploadFiles/xwzx/2023/1/202301031253217268.png	UploadFiles/xwzx/2023/1/202301031253217268.png	10427	60c93257d0e4ff0dfece4bab6e65a4b3d17a4cabeb6dd0e6453b57902838c972	60c93257d0e4ff0dfece4bab6e65a4b3d17a4cabeb6dd0e6453b57902838c972	
UploadFiles/xwzx/2023/1/202301031255110297.png	UploadFiles/xwzx/2023/1/202301031255110297.png	2508445	8890c4f229d0701193061d5e94d6d150f6fd7ff0d1c0da93efeb8e1c68cab6c3	8890c4f229d0701193061d5e94d6d150f6fd7ff0d1c0da93efeb8e1c68cab6c3	
UploadFiles/xwzx/2023/1/202301031256335562.png	UploadFiles/xwzx/2023/1/202301031256335562.png	10427	60c93257d0e4ff0dfece4bab6e65a4b3d17a4cabeb6dd0e6453b57902838c972	60c93257d0e4ff0dfece4bab6e65a4b3d17a4cabeb6dd0e6453b57902838c972	
UploadFiles/xwzx/2023/1/202301031457520677.png	UploadFiles/xwzx/2023/1/202301031457520677.png	117273	b221f23711894c2bc6ee856dcf70b2e1bd5c3fa66d37e249a436a05a8d5a94c9	b221f23711894c2bc6ee856dcf70b2e1bd5c3fa66d37e249a436a05a8d5a94c9	
UploadFiles/xwzx/2023/1/202301031457529958.png	UploadFiles/xwzx/2023/1/202301031457529958.png	106641	42b08096a39c6a559828798b108fb99e0bb1b912ffcc03b7c9ab64839d725794	42b08096a39c6a559828798b108fb99e0bb1b912ffcc03b7c9ab64839d725794	
UploadFiles/xwzx/2023/1/202301041245061033.png	UploadFiles/xwzx/2023/1/202301041245061033.png	38730	f9e666435f3dfe14ec8335d05a99fbf65f79f204ab53b75b2f9a53d13708ab38	f9e666435f3dfe14ec8335d05a99fbf65f79f204ab53b75b2f9a53d13708ab38	
UploadFiles/xwzx/2023/1/202301041245177838.png	UploadFiles/xwzx/2023/1/202301041245177838.png	37955	9a234883752f396fa2da9be9ffda9a20bd5d62311c4e0045e9baaee375c1826a	9a234883752f396fa2da9be9ffda9a20bd5d62311c4e0045e9baaee375c1826a	
UploadFiles/xwzx/2023/1/202301041245273946.png	UploadFiles/xwzx/2023/1/202301041245273946.png	20170	1a827ed4ebb425d7c4e2499ce7d20869f22195bbe4a13c6c648123cafd68bef7	1a827ed4ebb425d7c4e2499ce7d20869f22195bbe4a13c6c648123cafd68bef7	
UploadFiles/xwzx/2023/1/202301041245385248.png	UploadFiles/xwzx/2023/1/202301041245385248.png	20268	344f3110a91e837ff86663e04b680fcec961f41fd4a76dfceb0949fea555e4f6	344f3110a91e837ff86663e04b680fcec961f41fd4a76dfceb0949fea555e4f6	
UploadFiles/xwzx/2023/1/202301041245470577.png	UploadFiles/xwzx/2023/1/202301041245470577.png	19359	2640fd812edaac032539e57f1451af4cb87afe84eead4987a80f152f980b8069	2640fd812edaac032539e57f1451af4cb87afe84eead4987a80f152f980b8069	
UploadFiles/xwzx/2023/1/202301041246018904.png	UploadFiles/xwzx/2023/1/202301041246018904.png	21108	233b0f57f60802d2a58bea8855ccb74846bf20ba864b22d38bf724f226a446ed	233b0f57f60802d2a58bea8855ccb74846bf20ba864b22d38bf724f226a446ed	
UploadFiles/xwzx/2023/1/202301041246100229.png	UploadFiles/xwzx/2023/1/202301041246100229.png	20898	008a1d4c328a567112e6be6c0ede6d65aa549f2e2344000986634bfae962c977	008a1d4c328a567112e6be6c0ede6d65aa549f2e2344000986634bfae962c977	
UploadFiles/xwzx/2023/1/202301041246215193.png	UploadFiles/xwzx/2023/1/202301041246215193.png	29873	3a7afca79321ed5de08679c8b083f72b12a913c223912dec66a75199c083acec	3a7afca79321ed5de08679c8b083f72b12a913c223912dec66a75199c083acec	
UploadFiles/xwzx/2023/1/202301050817395948.png	UploadFiles/xwzx/2023/1/202301050817395948.png	96970	ab55edb21b12022de96202c6b319cd7fe3479f5191b5e178fecbeb18e7039956	ab55edb21b12022de96202c6b319cd7fe3479f5191b5e178fecbeb18e7039956	
UploadFiles/xwzx/2023/1/202301050817399828.png	UploadFiles/xwzx/2023/1/202301050817399828.png	65378	907b448075e4527936de973a61e1db01e6892eaf5ebafe403b395c0538b0a5b7	907b448075e4527936de973a61e1db01e6892eaf5ebafe403b395c0538b0a5b7	
UploadFiles/xwzx/2023/1/202301051320203956.png	UploadFiles/xwzx/2023/1/202301051320203956.png	271349	7de9857d3deee2b63dd4b4281fa6f96598cc3e53945cdbc6414addbebf030813	7de9857d3deee2b63dd4b4281fa6f96598cc3e53945cdbc6414addbebf030813	
UploadFiles/xwzx/2023/1/202301051320510141.png	UploadFiles/xwzx/2023/1/202301051320510141.png	271113	9c6626ee49b37a2237f4b43a9f13dbfc5f93de8699bcaf99ba626bcf95323f8d	9c6626ee49b37a2237f4b43a9f13dbfc5f93de8699bcaf99ba626bcf95323f8d	
UploadFiles/xwzx/2023/1/202301051321196505.png	UploadFiles/xwzx/2023/1/202301051321196505.png	271234	d7e37c5439c99962f7031b1bdb2d0d22e554c032a292bb09d386a73132007610	d7e37c5439c99962f7031b1bdb2d0d22e554c032a292bb09d386a73132007610	
UploadFiles/xwzx/2023/1/202301051321423548.png	UploadFiles/xwzx/2023/1/202301051321423548.png	269993	8c7191604aef0b4b153b348db6a18aebb75f3578c51a8b89a54235a4382828e0	8c7191604aef0b4b153b348db6a18aebb75f3578c51a8b89a54235a4382828e0	
UploadFiles/xwzx/2023/1/202301051322125936.png	UploadFiles/xwzx/2023/1/202301051322125936.png	4912	cc05b8221412370891c7100ea0b9e0f330614a7c6de0776ba0c3bfe0a1be5025	cc05b8221412370891c7100ea0b9e0f330614a7c6de0776ba0c3bfe0a1be5025	
UploadFiles/xwzx/2023/1/202301052023142534.png	UploadFiles/xwzx/2023/1/202301052023142534.png	261870	0f306672c95490a977e9571d79440e448c22bc50fbb24a744b9d105a6371565a	0f306672c95490a977e9571d79440e448c22bc50fbb24a744b9d105a6371565a	
UploadFiles/xwzx/2023/1/202301052024542130.png	UploadFiles/xwzx/2023/1/202301052024542130.png	261972	0a951202fd4e55f74cc3debab22aa53a2a5281e807467b6f50367bd614cd71a4	0a951202fd4e55f74cc3debab22aa53a2a5281e807467b6f50367bd614cd71a4	
UploadFiles/xwzx/2023/1/202301060036398744.png	UploadFiles/xwzx/2023/1/202301060036398744.png	21872	ffd3dbe7d68ffb484ca48e38c06eb469dbad4f2e8b2d0d9634c7621cd0a5e766	ffd3dbe7d68ffb484ca48e38c06eb469dbad4f2e8b2d0d9634c7621cd0a5e766	
UploadFiles/xwzx/2023/1/202301081526535115.png	UploadFiles/xwzx/2023/1/202301081526535115.png	51993	599ebb57ce08085121e11c29097b607ad7f8d0b218edcb767f2b24ea1e431509	599ebb57ce08085121e11c29097b607ad7f8d0b218edcb767f2b24ea1e431509	
UploadFiles/xwzx/2023/1/202301091105590546.png	UploadFiles/xwzx/2023/1/202301091105590546.png	23116	2eaa08ef886e17094c0a3bbd777e5a6cd53b2ec3241aa9518746417227ef5be5	2eaa08ef886e17094c0a3bbd777e5a6cd53b2ec3241aa9518746417227ef5be5	
UploadFiles/xwzx/2023/1/202301091105594872.png	UploadFiles/xwzx/2023/1/202301091105594872.png	19265	180c79618f76972f468699cdb5d7a14030ae41645022e35571e1cd76c8594def	180c79618f76972f468699cdb5d7a14030ae41645022e35571e1cd76c8594def	
UploadFiles/xwzx/2023/1/202301091106212348.png	UploadFiles/xwzx/2023/1/202301091106212348.png	21126	762f0a0df02257b2f212a2e2599cbab776be1e231cd4f9f0b8b2819779a68975	762f0a0df02257b2f212a2e2599cbab776be1e231cd4f9f0b8b2819779a68975	
UploadFiles/xwzx/2023/1/202301091439484647.png	UploadFiles/xwzx/2023/1/202301091439484647.png	107646	7920f8feff3e58edb237f6ae5735b03691ae15b8c8f1216f5e7ec58bc57965e4	7920f8feff3e58edb237f6ae5735b03691ae15b8c8f1216f5e7ec58bc57965e4	
UploadFiles/xwzx/2023/1/202301091532376980.png	UploadFiles/xwzx/2023/1/202301091532376980.png	119506	ca98e05ac39a27fd5985ece4f3e52346fe6ad9fd4d5887e2abda458818826c29	ca98e05ac39a27fd5985ece4f3e52346fe6ad9fd4d5887e2abda458818826c29	
UploadFiles/xwzx/2023/1/202301091558119355.png	UploadFiles/xwzx/2023/1/202301091558119355.png	8618	630edeabc28d73d6da74e295e8ef4192c576bc8427dc6556a367593231b6cc40	630edeabc28d73d6da74e295e8ef4192c576bc8427dc6556a367593231b6cc40	
UploadFiles/xwzx/2023/1/202301091558413567.png	UploadFiles/xwzx/2023/1/202301091558413567.png	8487	1380306f24544738bdcd23157dba37a0e8a2be506ff30d898096925d5636c951	1380306f24544738bdcd23157dba37a0e8a2be506ff30d898096925d5636c951	
UploadFiles/xwzx/2023/1/202301091558539293.png	UploadFiles/xwzx/2023/1/202301091558539293.png	8427	60f46f7210cba00432e5aab85bde5c429f744797f5a17508f2253af3c567e59a	60f46f7210cba00432e5aab85bde5c429f744797f5a17508f2253af3c567e59a	
UploadFiles/xwzx/2023/1/202301091602232166.png	UploadFiles/xwzx/2023/1/202301091602232166.png	10134	acf1af3a6909c03f89ec12f28a5206f8a92eba8e47b845d6267e15971c360231	acf1af3a6909c03f89ec12f28a5206f8a92eba8e47b845d6267e15971c360231	
UploadFiles/xwzx/2023/1/202301100832589898.png	UploadFiles/xwzx/2023/1/202301100832589898.png	61602	81fa44bb517fb53d2941de0c4e2fbc072c8995263762bcc30fd58c14b9eacd12	81fa44bb517fb53d2941de0c4e2fbc072c8995263762bcc30fd58c14b9eacd12	
UploadFiles/xwzx/2023/1/202301100921528465.png	UploadFiles/xwzx/2023/1/202301100921528465.png	25661	a84b39e1aa2480eda7f5867890fb6eb07606fe4fa32ff95f547d51a61dad3563	a84b39e1aa2480eda7f5867890fb6eb07606fe4fa32ff95f547d51a61dad3563	
UploadFiles/xwzx/2023/1/202301100927020738.png	UploadFiles/xwzx/2023/1/202301100927020738.png	104132	8edf674d3816fff3df21f1a19de4c47ed8bd3bab930fd709c8cf3c3f3d41b955	8edf674d3816fff3df21f1a19de4c47ed8bd3bab930fd709c8cf3c3f3d41b955	
UploadFiles/xwzx/2023/1/202301101206428352.png	UploadFiles/xwzx/2023/1/202301101206428352.png	16558	1ed48ad8732d7e9fc579a3d243ddf66bdbc266bfbb02cf7f4141af9a90725986	1ed48ad8732d7e9fc579a3d243ddf66bdbc266bfbb02cf7f4141af9a90725986	
UploadFiles/xwzx/2023/1/202301101640432074.png	UploadFiles/xwzx/2023/1/202301101640432074.png	201506	4fb05cbe7cc2569074a4a112f769c1b035bc3d5736a27b4767b87c30005897bc	4fb05cbe7cc2569074a4a112f769c1b035bc3d5736a27b4767b87c30005897bc	
UploadFiles/xwzx/2023/1/202301101834170608.png	UploadFiles/xwzx/2023/1/202301101834170608.png	108373	a065ea2b82ede54f4bea019adaa392f3bcb3fe75a9b5de085e8698a476b002e7	a065ea2b82ede54f4bea019adaa392f3bcb3fe75a9b5de085e8698a476b002e7	
UploadFiles/xwzx/2023/1/202301101835010293.png	UploadFiles/xwzx/2023/1/202301101835010293.png	11779	eb2efa51d937324a18ce6338878a76b699bda368b2f61d0ca5cd0d81a1e8e3ce	eb2efa51d937324a18ce6338878a76b699bda368b2f61d0ca5cd0d81a1e8e3ce	
UploadFiles/xwzx/2023/1/202301110822266126.png	UploadFiles/xwzx/2023/1/202301110822266126.png	97749	5fefca90b2baf8a501922f09e8fa3bf8e0fe6c9b44912c8dad853556f1bcef38	5fefca90b2baf8a501922f09e8fa3bf8e0fe6c9b44912c8dad853556f1bcef38	
UploadFiles/xwzx/2023/1/202301111109426165.jpg	UploadFiles/xwzx/2023/1/202301111109426165.jpg	2365901	94ff917d48764a06a0cb87f47bb0e6964c908ec762f8355c5065e7da738985bc	94ff917d48764a06a0cb87f47bb0e6964c908ec762f8355c5065e7da738985bc	
UploadFiles/xwzx/2023/1/202301111109427239.jpg	UploadFiles/xwzx/2023/1/202301111109427239.jpg	2743006	4ab26e542bf85bd1e7cd56fd083ef159248d6f870bf0b9d7deb8cc1b6390d189	4ab26e542bf85bd1e7cd56fd083ef159248d6f870bf0b9d7deb8cc1b6390d189	
UploadFiles/xwzx/2023/1/202301111136102981.png	UploadFiles/xwzx/2023/1/202301111136102981.png	19379	e63a1f948f8e487518628007fa70bbe57c338378a24527c985f69c2b623bb4bc	e63a1f948f8e487518628007fa70bbe57c338378a24527c985f69c2b623bb4bc	
UploadFiles/xwzx/2023/1/202301120827255367.png	UploadFiles/xwzx/2023/1/202301120827255367.png	97491	70ac5768393a0da76b677a72cf8eca7c423e8e0e77e6f82c280e8a2007b5ef29	70ac5768393a0da76b677a72cf8eca7c423e8e0e77e6f82c280e8a2007b5ef29	
UploadFiles/xwzx/2023/1/202301120904566276.png	UploadFiles/xwzx/2023/1/202301120904566276.png	334514	4f4e76af265d17328876ca39c5aae9f1fded3139d8686fad218db32978128e94	4f4e76af265d17328876ca39c5aae9f1fded3139d8686fad218db32978128e94	
UploadFiles/xwzx/2023/1/202301130830012913.png	UploadFiles/xwzx/2023/1/202301130830012913.png	82917	03f138c85656c938d605b66d0751cde00a571f9829f61b992c5d1f826cd5884f	03f138c85656c938d605b66d0751cde00a571f9829f61b992c5d1f826cd5884f	
UploadFiles/xwzx/2023/1/202301130830029789.png	UploadFiles/xwzx/2023/1/202301130830029789.png	42733	61412a8d4f5f5fb1a8a5fc7b5346a1675460a3fc1965460b684a4f3b8dcc2029	61412a8d4f5f5fb1a8a5fc7b5346a1675460a3fc1965460b684a4f3b8dcc2029	
UploadFiles/xwzx/2023/1/202301141315487955.png	UploadFiles/xwzx/2023/1/202301141315487955.png	86673	3f6acac0072e0246e1da835c0d94f75e51f3e158591afa65203124a9c8ff5c90	3f6acac0072e0246e1da835c0d94f75e51f3e158591afa65203124a9c8ff5c90	
UploadFiles/xwzx/2023/1/202301301531457458.png	UploadFiles/xwzx/2023/1/202301301531457458.png	27334	ad51809227dde243bd50b97c087a461721e7efbce79433ae023c20cfe9be98a0	ad51809227dde243bd50b97c087a461721e7efbce79433ae023c20cfe9be98a0	
UploadFiles/xwzx/2023/2/202302051124036612.png	UploadFiles/xwzx/2023/2/202302051124036612.png	60458	009c7c441043675d9e245e478ef4f659ea48d1dc903d67fdddea091d36d0df1f	009c7c441043675d9e245e478ef4f659ea48d1dc903d67fdddea091d36d0df1f	
UploadFiles/xwzx/2023/2/202302051134451062.png	UploadFiles/xwzx/2023/2/202302051134451062.png	68077	05f0d77d7231d8775a39561d727d2f26ebf46af259a3fbeeb132d40d823d21b7	05f0d77d7231d8775a39561d727d2f26ebf46af259a3fbeeb132d40d823d21b7	
UploadFiles/xwzx/2023/2/202302051134451479.png	UploadFiles/xwzx/2023/2/202302051134451479.png	53469	1f6b4d750bb6b25fc9a8177b623f5a21e13a1e1508345a93aa65c2adef7af8bc	1f6b4d750bb6b25fc9a8177b623f5a21e13a1e1508345a93aa65c2adef7af8bc	
UploadFiles/xwzx/2023/2/202302051141204577.PNG	UploadFiles/xwzx/2023/2/202302051141204577.png	42624	ea0164a084239269f061572119e75716da8c6aa5137d6cf9ce4ffdc1ff948884	ea0164a084239269f061572119e75716da8c6aa5137d6cf9ce4ffdc1ff948884	
UploadFiles/xwzx/2023/2/202302051141211198.PNG	UploadFiles/xwzx/2023/2/202302051141211198.png	49162	c71ef456c657e2b09aeb6b609bbe775c118310955f932c1c303a63f9c13c1f15	c71ef456c657e2b09aeb6b609bbe775c118310955f932c1c303a63f9c13c1f15	
UploadFiles/xwzx/2023/2/202302051942361912.png	UploadFiles/xwzx/2023/2/202302051942361912.png	29368	53836dfda085e668d5a62b4ef4a9ea69fa32ed613e09014eb34d05f1ee026287	53836dfda085e668d5a62b4ef4a9ea69fa32ed613e09014eb34d05f1ee026287	
UploadFiles/xwzx/2023/2/202302070829525732.png	UploadFiles/xwzx/2023/2/202302070829525732.png	27886	3badd40c9a62257c6cfc4c9fe05a5dc5500b4f72a9d90b91a28c7d4b0ad63eec	3badd40c9a62257c6cfc4c9fe05a5dc5500b4f72a9d90b91a28c7d4b0ad63eec	
UploadFiles/xwzx/2023/2/202302070832096234.png	UploadFiles/xwzx/2023/2/202302070832096234.png	90193	58b94962703c3c6ebc7537378b86f6f629b3931578957635499823265b45a8a0	58b94962703c3c6ebc7537378b86f6f629b3931578957635499823265b45a8a0	
UploadFiles/xwzx/2023/2/202302070832223798.png	UploadFiles/xwzx/2023/2/202302070832223798.png	31605	3c1d41eeb303eef14661aa80548fafe1168b5441e2ccdbc8be5058742430ca89	3c1d41eeb303eef14661aa80548fafe1168b5441e2ccdbc8be5058742430ca89	
UploadFiles/xwzx/2023/2/202302070953535438.png	UploadFiles/xwzx/2023/2/202302070953535438.png	90355	5d68f39af8f5759cbb09b069604c8da68f7a1b1c90665c5d8d1a415c5efd6615	5d68f39af8f5759cbb09b069604c8da68f7a1b1c90665c5d8d1a415c5efd6615	
UploadFiles/xwzx/2023/2/202302090913344363.png	UploadFiles/xwzx/2023/2/202302090913344363.png	283947	0bf74bf822070cb2ab9c2239a095418151056ebdc0c00ba67bd29df94ebb9494	0bf74bf822070cb2ab9c2239a095418151056ebdc0c00ba67bd29df94ebb9494	
UploadFiles/xwzx/2023/2/202302090913382719.png	UploadFiles/xwzx/2023/2/202302090913382719.png	266593	8ba75ddf5b05a68e59a8ab429761e92fc77e3d2cf8db5e22626bf6dd09794c5e	8ba75ddf5b05a68e59a8ab429761e92fc77e3d2cf8db5e22626bf6dd09794c5e	
UploadFiles/xwzx/2023/2/202302090913418388.png	UploadFiles/xwzx/2023/2/202302090913418388.png	251093	32ce816eb3af4a100e330ccc88aba7f73f400f1b77c76c346277a1f2de975277	32ce816eb3af4a100e330ccc88aba7f73f400f1b77c76c346277a1f2de975277	
UploadFiles/xwzx/2023/2/202302090913458955.png	UploadFiles/xwzx/2023/2/202302090913458955.png	265817	2a9938dac648394c1adffd1017f92ed70b161f3b3cbccf483abea9e418a7358f	2a9938dac648394c1adffd1017f92ed70b161f3b3cbccf483abea9e418a7358f	
UploadFiles/xwzx/2023/2/202302090913488566.png	UploadFiles/xwzx/2023/2/202302090913488566.png	130050	356a118350c2b6fcb949aa2192924646375b67f27018b58721938343bf16573f	356a118350c2b6fcb949aa2192924646375b67f27018b58721938343bf16573f	
UploadFiles/xwzx/2023/2/202302091232383738.png	UploadFiles/xwzx/2023/2/202302091232383738.png	15750	7d452fb0e9f336e6c980432342b3a0c3481e56d98df57fac7aa8a31660761a1a	7d452fb0e9f336e6c980432342b3a0c3481e56d98df57fac7aa8a31660761a1a	
UploadFiles/xwzx/2023/2/202302101407345302.png	UploadFiles/xwzx/2023/2/202302101407345302.png	10528	c2e0646ab47b92118c754d6ce328854998290f4da488134b2113fe49134e22e6	c2e0646ab47b92118c754d6ce328854998290f4da488134b2113fe49134e22e6	
UploadFiles/xwzx/2023/2/202302101452337587.png	UploadFiles/xwzx/2023/2/202302101452337587.png	7768419	a18bddb3626dcf91811288294242baa3203a6517cf16921c65b18b9c4e1e8bbe	a18bddb3626dcf91811288294242baa3203a6517cf16921c65b18b9c4e1e8bbe	
UploadFiles/xwzx/2023/2/202302111020597292.png	UploadFiles/xwzx/2023/2/202302111020597292.png	148228	9719bf40764f6cadd98777aa6537809d4b6c7e1fe8821cebacd64fd6756474e7	9719bf40764f6cadd98777aa6537809d4b6c7e1fe8821cebacd64fd6756474e7	
UploadFiles/xwzx/2023/2/202302131621408833.jpg	UploadFiles/xwzx/2023/2/202302131621408833.jpg	747723	b9a2ebddb4f1ab1e88da881980673486a4f489bea9d74837381cc5c33658df34	b9a2ebddb4f1ab1e88da881980673486a4f489bea9d74837381cc5c33658df34	
UploadFiles/xwzx/2023/2/202302140907429780.png	UploadFiles/xwzx/2023/2/202302140907429780.png	148296	b527233144559a20f68da286320743aa611ef74b43903460f55b70bb1d56f88f	b527233144559a20f68da286320743aa611ef74b43903460f55b70bb1d56f88f	
UploadFiles/xwzx/2023/2/202302140912253082.JPG	UploadFiles/xwzx/2023/2/202302140912253082.jpg	4679163	5468ce091381e36fc4e8fd2bd47e90218c0ff8c74845cc75cf58061673e2e686	5468ce091381e36fc4e8fd2bd47e90218c0ff8c74845cc75cf58061673e2e686	
UploadFiles/xwzx/2023/2/202302140912259943.JPG	UploadFiles/xwzx/2023/2/202302140912259943.jpg	4653842	6caede3c01b3e38e6b3d18c170c5b9c8adcef32279668af72f5da64515c93967	6caede3c01b3e38e6b3d18c170c5b9c8adcef32279668af72f5da64515c93967	
UploadFiles/xwzx/2023/2/202302140912361489.JPG	UploadFiles/xwzx/2023/2/202302140912361489.jpg	5088134	fcf361d90b177ae3b5b7f0f90223d4f77e43e38cdf6e018ba97eb849183f6d22	fcf361d90b177ae3b5b7f0f90223d4f77e43e38cdf6e018ba97eb849183f6d22	
UploadFiles/xwzx/2023/2/202302140912382516.JPG	UploadFiles/xwzx/2023/2/202302140912382516.jpg	5374795	d750fc70a22c45ed63d03a95ef6562604ab3cce1945cbb3fc08dddb5e11fe0cb	d750fc70a22c45ed63d03a95ef6562604ab3cce1945cbb3fc08dddb5e11fe0cb	
UploadFiles/xwzx/2023/2/202302140912387863.JPG	UploadFiles/xwzx/2023/2/202302140912387863.jpg	5646239	5a5f5aae6d61918ed85707c7abfa3f489cf0d76ab181fa83ef02cefa08d4eb5e	5a5f5aae6d61918ed85707c7abfa3f489cf0d76ab181fa83ef02cefa08d4eb5e	
UploadFiles/xwzx/2023/2/202302140912498806.JPG	UploadFiles/xwzx/2023/2/202302140912498806.jpg	5555465	b2ab36fa107382ed657fe7f0372eae72c79fc0ffeac3a2bf23ca6916a0bda771	b2ab36fa107382ed657fe7f0372eae72c79fc0ffeac3a2bf23ca6916a0bda771	
UploadFiles/xwzx/2023/2/202302140912518665.JPG	UploadFiles/xwzx/2023/2/202302140912518665.jpg	5825947	7ada555346f121a743e3073ca2c880a6c4d8083fa1c0b0c9e5830e704c32b148	7ada555346f121a743e3073ca2c880a6c4d8083fa1c0b0c9e5830e704c32b148	
UploadFiles/xwzx/2023/2/202302140940134633.JPG	UploadFiles/xwzx/2023/2/202302140940134633.jpg	6986967	4400de5586611b17fcfad1a9a5d0233a9771f2923afd626bf35ecc5fa059d36c	4400de5586611b17fcfad1a9a5d0233a9771f2923afd626bf35ecc5fa059d36c	
UploadFiles/xwzx/2023/2/202302140940178132.JPG	UploadFiles/xwzx/2023/2/202302140940178132.jpg	5922990	d1cd0eaed0208a6cc9f9d329d637b6497b33d5de8ebaee9b0539cfe518ac7d24	d1cd0eaed0208a6cc9f9d329d637b6497b33d5de8ebaee9b0539cfe518ac7d24	
UploadFiles/xwzx/2023/2/202302140940224752.JPG	UploadFiles/xwzx/2023/2/202302140940224752.jpg	6275407	1dcbeb185521d64440e5840add594b3d45b7c76ec9bcdaaa5782454f26114711	1dcbeb185521d64440e5840add594b3d45b7c76ec9bcdaaa5782454f26114711	
UploadFiles/xwzx/2023/2/202302140940284489.JPG	UploadFiles/xwzx/2023/2/202302140940284489.jpg	6820446	1244e86c3fb7fd3ec5a78f4f3e0b98f494f6ece6f9e28d99a824fe2046323761	1244e86c3fb7fd3ec5a78f4f3e0b98f494f6ece6f9e28d99a824fe2046323761	
UploadFiles/xwzx/2023/2/202302140940303440.JPG	UploadFiles/xwzx/2023/2/202302140940303440.jpg	1452456	db5705d88d977fa578e22cf3ddb6ee173a48ae90b7ad36678e81b1abd33157d0	db5705d88d977fa578e22cf3ddb6ee173a48ae90b7ad36678e81b1abd33157d0	
UploadFiles/xwzx/2023/2/202302140940360643.JPG	UploadFiles/xwzx/2023/2/202302140940360643.jpg	6247626	8b8658e7a01c5c76276b8fb3f87051a08a3cf06aae4d479cfc9ccf28ba272dce	8b8658e7a01c5c76276b8fb3f87051a08a3cf06aae4d479cfc9ccf28ba272dce	
UploadFiles/xwzx/2023/2/202302140940389278.JPG	UploadFiles/xwzx/2023/2/202302140940389278.jpg	7356355	26ba4edf4584c877b36250b37720d4d712522c60e0b64cc6e4b9ef3bb355e97a	26ba4edf4584c877b36250b37720d4d712522c60e0b64cc6e4b9ef3bb355e97a	
UploadFiles/xwzx/2023/2/202302140940434089.JPG	UploadFiles/xwzx/2023/2/202302140940434089.jpg	6840899	2db305eaa443b91b403317b19729ee932537667ecfc69f976534978e72650df6	2db305eaa443b91b403317b19729ee932537667ecfc69f976534978e72650df6	
UploadFiles/xwzx/2023/2/202302140940460473.jpg	UploadFiles/xwzx/2023/2/202302140940460473.jpg	2045562	e5cd6e5b8a7f41e1f4efdac4334cb2693d7948386d56c916768d474d7ffdc82b	e5cd6e5b8a7f41e1f4efdac4334cb2693d7948386d56c916768d474d7ffdc82b	
UploadFiles/xwzx/2023/2/202302140940474663.jpg	UploadFiles/xwzx/2023/2/202302140940474663.jpg	1901744	49e629ac1320156a4ca9e16fbc5ebeba6858ecaf06bac506be821b85847760fc	49e629ac1320156a4ca9e16fbc5ebeba6858ecaf06bac506be821b85847760fc	
UploadFiles/xwzx/2023/2/202302140940496475.jpg	UploadFiles/xwzx/2023/2/202302140940496475.jpg	2066358	a6b834d726694c3a5418b7610002d64da662aa49c07444d22dc699d4b7fe8823	a6b834d726694c3a5418b7610002d64da662aa49c07444d22dc699d4b7fe8823	
UploadFiles/xwzx/2023/2/202302140940518488.jpg	UploadFiles/xwzx/2023/2/202302140940518488.jpg	1858079	d92ca1ef442591ba1bcbf157aa69f1246361c1aa2eaf16de25a1aa9cf678b139	d92ca1ef442591ba1bcbf157aa69f1246361c1aa2eaf16de25a1aa9cf678b139	
UploadFiles/xwzx/2023/2/202302140940534211.JPG	UploadFiles/xwzx/2023/2/202302140940534211.jpg	6548049	67bfe170e45cd8ec8eff31f151fb4f21e087a817ac988bed66856c66d0b0ef13	67bfe170e45cd8ec8eff31f151fb4f21e087a817ac988bed66856c66d0b0ef13	
UploadFiles/xwzx/2023/2/202302140940545878.JPG	UploadFiles/xwzx/2023/2/202302140940545878.jpg	8037641	152257aeea26076cc1faeb04fb2f72c6a7b58f402246f665dc67482ba560ce22	152257aeea26076cc1faeb04fb2f72c6a7b58f402246f665dc67482ba560ce22	
UploadFiles/xwzx/2023/2/202302140945522045.jpg	UploadFiles/xwzx/2023/2/202302140945522045.jpg	1696492	4d684b63d8df084ad907774526332420b1731c320771e93e2982393edb5928e6	4d684b63d8df084ad907774526332420b1731c320771e93e2982393edb5928e6	
UploadFiles/xwzx/2023/2/202302140945543573.jpg	UploadFiles/xwzx/2023/2/202302140945543573.jpg	1875484	a0b5586b836cf72693eea4b546b0b31ef9139b8306bf440c00a07f70cf20ec88	a0b5586b836cf72693eea4b546b0b31ef9139b8306bf440c00a07f70cf20ec88	
UploadFiles/xwzx/2023/2/202302140945548510.jpg	UploadFiles/xwzx/2023/2/202302140945548510.jpg	406693	3c0bc42ce1e6d277ebd0b9c68625995c75eb84cd29ab8d2d02299aecd299cd7d	3c0bc42ce1e6d277ebd0b9c68625995c75eb84cd29ab8d2d02299aecd299cd7d	
UploadFiles/xwzx/2023/2/202302140945587036.JPG	UploadFiles/xwzx/2023/2/202302140945587036.jpg	4248721	46e58daddf3aab0f4d04e228e0233f2d30cc434c563ed11a7c8ddb45beb38afb	46e58daddf3aab0f4d04e228e0233f2d30cc434c563ed11a7c8ddb45beb38afb	
UploadFiles/xwzx/2023/2/202302140945587457.jpg	UploadFiles/xwzx/2023/2/202302140945587457.jpg	1740372	2449d771779b5a6f12df39259079ad8716082522e0663e798ce8e486f48319e3	2449d771779b5a6f12df39259079ad8716082522e0663e798ce8e486f48319e3	
UploadFiles/xwzx/2023/2/202302140945588845.jpg	UploadFiles/xwzx/2023/2/202302140945588845.jpg	2024516	cd81c93491700dadf09d28090efa221d3265e66a312d56efa55e8253da1d5eaf	cd81c93491700dadf09d28090efa221d3265e66a312d56efa55e8253da1d5eaf	
UploadFiles/xwzx/2023/2/202302140945593831.jpg	UploadFiles/xwzx/2023/2/202302140945593831.jpg	958781	c4ef953af7ac9e5f8a717fd290cd6529d8020b6ec04e43da28872c72a1fe3193	c4ef953af7ac9e5f8a717fd290cd6529d8020b6ec04e43da28872c72a1fe3193	
UploadFiles/xwzx/2023/2/202302140946588631.jpg	UploadFiles/xwzx/2023/2/202302140946588631.jpg	486863	52b094bdf942d9192e3a540d4a61349743b6aa9262b9975d7907cb679c2ed31e	52b094bdf942d9192e3a540d4a61349743b6aa9262b9975d7907cb679c2ed31e	
UploadFiles/xwzx/2023/2/202302140947106914.JPG	UploadFiles/xwzx/2023/2/202302140947106914.jpg	14673094	97011d813f11a46909125070b184e566474a9a0764435073c0c8103e9131bb65	97011d813f11a46909125070b184e566474a9a0764435073c0c8103e9131bb65	
UploadFiles/xwzx/2023/2/202302151116000585.png	UploadFiles/xwzx/2023/2/202302151116000585.png	146527	58d9f0409dc276f7ad082e5da154e6109dda560eea89e78f559f05d6332883a3	58d9f0409dc276f7ad082e5da154e6109dda560eea89e78f559f05d6332883a3	
UploadFiles/xwzx/2023/2/202302161153310889.png	UploadFiles/xwzx/2023/2/202302161153310889.png	146051	c25e1c1f4b356a16e68d584da0d1dc0d7a3474a406b53975ee1440c7e7928c9d	c25e1c1f4b356a16e68d584da0d1dc0d7a3474a406b53975ee1440c7e7928c9d	
UploadFiles/xwzx/2023/2/202302161230531793.png	UploadFiles/xwzx/2023/2/202302161230531793.png	34741	0bb16b10005c92d19be82ff1d9ea6cbe3dfaea13c53ee8217133ef0721edd93b	0bb16b10005c92d19be82ff1d9ea6cbe3dfaea13c53ee8217133ef0721edd93b	
UploadFiles/xwzx/2023/2/202302170939275004.png	UploadFiles/xwzx/2023/2/202302170939275004.png	58869	da820e3ffef9532f5ba48a79e64e7973ef5d480541e2fee7d8e42d1c24972e73	da820e3ffef9532f5ba48a79e64e7973ef5d480541e2fee7d8e42d1c24972e73	
UploadFiles/xwzx/2023/2/202302171522529901.png	UploadFiles/xwzx/2023/2/202302171522529901.png	33526	11a373e4469838fffe06c054e0f5d148dbd0f830bde3e6277aab022fe3541361	11a373e4469838fffe06c054e0f5d148dbd0f830bde3e6277aab022fe3541361	
UploadFiles/xwzx/2023/2/202302171614376838.png	UploadFiles/xwzx/2023/2/202302171614376838.png	145681	8e5e4f8657a470113b477e1f8f3281d5aa63e44a9f5e1b56ae56f3c93252d17e	8e5e4f8657a470113b477e1f8f3281d5aa63e44a9f5e1b56ae56f3c93252d17e	
UploadFiles/xwzx/2023/2/202302171659229099.png	UploadFiles/xwzx/2023/2/202302171659229099.png	38642	29b35027af491863418598612d724e785fe5cba018ac38d9386323bd748eab2e	29b35027af491863418598612d724e785fe5cba018ac38d9386323bd748eab2e	
UploadFiles/xwzx/2023/2/202302181559377097.png	UploadFiles/xwzx/2023/2/202302181559377097.png	955064	2522322fd69c27fdc796843a607e42a167f9907858d5a5197f529ad479742392	2522322fd69c27fdc796843a607e42a167f9907858d5a5197f529ad479742392	
UploadFiles/xwzx/2023/2/202302201642577727.png	UploadFiles/xwzx/2023/2/202302201642577727.png	18861	a2ab8fa7f677abadc758d5f1b1b765d16a799a0dfa6ba287b5b1bbe5d7444798	a2ab8fa7f677abadc758d5f1b1b765d16a799a0dfa6ba287b5b1bbe5d7444798	
UploadFiles/xwzx/2023/2/202302210950178828.png	UploadFiles/xwzx/2023/2/202302210950178828.png	147293	cab14e383e3dcaf413e9fb2db2bfbe5328e09e0614d54ec0877ce6f8bb0dee62	cab14e383e3dcaf413e9fb2db2bfbe5328e09e0614d54ec0877ce6f8bb0dee62	
UploadFiles/xwzx/2023/2/202302211433221594.png	UploadFiles/xwzx/2023/2/202302211433221594.png	34011	43e33528ac233f49a91ccc63589e91c783947b166c0fa5008bcfc26fe26554c0	43e33528ac233f49a91ccc63589e91c783947b166c0fa5008bcfc26fe26554c0	
UploadFiles/xwzx/2023/2/202302211611427503.jpg	UploadFiles/xwzx/2023/2/202302211611427503.jpg	61681	70e5aafb661b92c0e2a25d4e114c4162ee45622d12d70c509e74cdb77176228c	70e5aafb661b92c0e2a25d4e114c4162ee45622d12d70c509e74cdb77176228c	
UploadFiles/xwzx/2023/2/202302220819487434.jpg	UploadFiles/xwzx/2023/2/202302220819487434.jpg	4692555	2cb29219c84b4c9c15bfc69982e6aab8cb01b2c86d4c4a7be5d7f18d610b05c8	2cb29219c84b4c9c15bfc69982e6aab8cb01b2c86d4c4a7be5d7f18d610b05c8	
UploadFiles/xwzx/2023/2/202302220819507544.jpg	UploadFiles/xwzx/2023/2/202302220819507544.jpg	4890997	0d14a46976aa9fcd7ad8904c413c1950f212934b3e76ba7f5e1a64cb4a363449	0d14a46976aa9fcd7ad8904c413c1950f212934b3e76ba7f5e1a64cb4a363449	
UploadFiles/xwzx/2023/2/202302220819507615.jpg	UploadFiles/xwzx/2023/2/202302220819507615.jpg	4681847	c327068f2931e77f5dedf5796744eac8fd7ff83763d57ab2fe8e894cd39a846b	c327068f2931e77f5dedf5796744eac8fd7ff83763d57ab2fe8e894cd39a846b	
UploadFiles/xwzx/2023/2/202302220820578510.png	UploadFiles/xwzx/2023/2/202302220820578510.png	1284488	a185e27bdd8f25fef1cb629f05eac03fc6a9013727a979cdbdd058d2c8ab776c	a185e27bdd8f25fef1cb629f05eac03fc6a9013727a979cdbdd058d2c8ab776c	
UploadFiles/xwzx/2023/2/202302220821553168.jpg	UploadFiles/xwzx/2023/2/202302220821553168.jpg	185394	fd7941055f9962e61ea15442c4ed0a97c8b45b7acb3779d02790ceabb273edd2	fd7941055f9962e61ea15442c4ed0a97c8b45b7acb3779d02790ceabb273edd2	
UploadFiles/xwzx/2023/2/202302220821554681.jpg	UploadFiles/xwzx/2023/2/202302220821554681.jpg	296348	e118c17575256358575aca8b873a33c6f6b77d9a99a0de720d48061604412776	e118c17575256358575aca8b873a33c6f6b77d9a99a0de720d48061604412776	
UploadFiles/xwzx/2023/2/202302220821557970.jpg	UploadFiles/xwzx/2023/2/202302220821557970.jpg	218790	3eea98804a53ead289b57c47dbdecfca64c6f3a2a43e0ba2c1d37bc62d6733c9	3eea98804a53ead289b57c47dbdecfca64c6f3a2a43e0ba2c1d37bc62d6733c9	
UploadFiles/xwzx/2023/2/202302220821558599.jpg	UploadFiles/xwzx/2023/2/202302220821558599.jpg	242375	20beb3d682525d31bf7cf7ba7ed5f42fdcbc3cd7179c0fa54a3cd994cc59b4b0	20beb3d682525d31bf7cf7ba7ed5f42fdcbc3cd7179c0fa54a3cd994cc59b4b0	
UploadFiles/xwzx/2023/2/202302220821558870.jpg	UploadFiles/xwzx/2023/2/202302220821558870.jpg	183794	447ac1cae393b195e25d75c027b1805bf76f154c56f7e7617e7f3ec77f0e97d9	447ac1cae393b195e25d75c027b1805bf76f154c56f7e7617e7f3ec77f0e97d9	
UploadFiles/xwzx/2023/2/202302220821568965.jpg	UploadFiles/xwzx/2023/2/202302220821568965.jpg	542302	f3c637f24df3e448c213be942686ec8b37a4ab1fd61e05075e2c2845be6a0a28	f3c637f24df3e448c213be942686ec8b37a4ab1fd61e05075e2c2845be6a0a28	
UploadFiles/xwzx/2023/2/202302221203510529.png	UploadFiles/xwzx/2023/2/202302221203510529.png	34606	e1de1f9f2b109a15745f88abeb56023a1ad1e9802ee8b4af7e3b96fb5b5493c0	e1de1f9f2b109a15745f88abeb56023a1ad1e9802ee8b4af7e3b96fb5b5493c0	
UploadFiles/xwzx/2023/2/202302231242094668.png	UploadFiles/xwzx/2023/2/202302231242094668.png	146505	43b3fe892528c065731b891b4fbc990f097e1f5c6c0900a0004b9f7da25d89d3	43b3fe892528c065731b891b4fbc990f097e1f5c6c0900a0004b9f7da25d89d3	
UploadFiles/xwzx/2023/2/202302231244030662.png	UploadFiles/xwzx/2023/2/202302231244030662.png	34864	3d175eb8f5bc42a023af9837a3bdc8774981038f5ea335ac54cd6982c9fa61aa	3d175eb8f5bc42a023af9837a3bdc8774981038f5ea335ac54cd6982c9fa61aa	
UploadFiles/xwzx/2023/2/202302270821259099.png	UploadFiles/xwzx/2023/2/202302270821259099.png	31662	31de8767b02d949875cd38859ff68b3638b4a03ca55a079a472335d4b3bd6330	31de8767b02d949875cd38859ff68b3638b4a03ca55a079a472335d4b3bd6330	
UploadFiles/xwzx/2023/2/202302271436381233.png	UploadFiles/xwzx/2023/2/202302271436381233.png	146071	686477c64b0fbcd891dccd6449645ab5567a5893bccd9b8b86830424a9ea7b13	686477c64b0fbcd891dccd6449645ab5567a5893bccd9b8b86830424a9ea7b13	
UploadFiles/xwzx/2023/2/202302271513152847.png	UploadFiles/xwzx/2023/2/202302271513152847.png	27163	2a0758debd19ce1c26689c147b5cff13170a866f3c5c802abb927242bd7eca25	2a0758debd19ce1c26689c147b5cff13170a866f3c5c802abb927242bd7eca25	
UploadFiles/xwzx/2023/2/202302281527412837.png	UploadFiles/xwzx/2023/2/202302281527412837.png	33021	ae391d2958a6291c57916c698bbec731bb46e8952d735da3312a4c45ec2c5021	ae391d2958a6291c57916c698bbec731bb46e8952d735da3312a4c45ec2c5021	
UploadFiles/xwzx/2023/3/202303010801523795.png	UploadFiles/xwzx/2023/3/202303010801523795.png	147805	d0618c0cce4fa4dea05de7085fe25bc840e2ec7cfddd8e538e809bbe753e13d9	d0618c0cce4fa4dea05de7085fe25bc840e2ec7cfddd8e538e809bbe753e13d9	
UploadFiles/xwzx/2023/3/202303010816533022.jpg	UploadFiles/xwzx/2023/3/202303010816533022.jpg	149069	a9d92a47d61cfd7b20ad437df7d12fe3b06caca1c80a32d83347ff75f8ff880e	a9d92a47d61cfd7b20ad437df7d12fe3b06caca1c80a32d83347ff75f8ff880e	
UploadFiles/xwzx/2023/3/202303010816548210.jpg	UploadFiles/xwzx/2023/3/202303010816548210.jpg	58757	87bbfbaa2858d4241e9da6f9d1cce5a7063f99baabb44dbe0f76f7e5dfdae3d4	87bbfbaa2858d4241e9da6f9d1cce5a7063f99baabb44dbe0f76f7e5dfdae3d4	
UploadFiles/xwzx/2023/3/202303011337458956.png	UploadFiles/xwzx/2023/3/202303011337458956.png	36717	26214558aafbe2b8f87da1e90bb9df535c379ba43d692b19a1a3f4b80fe3ff6b	26214558aafbe2b8f87da1e90bb9df535c379ba43d692b19a1a3f4b80fe3ff6b	
UploadFiles/xwzx/2023/3/202303011613036969.png	UploadFiles/xwzx/2023/3/202303011613036969.png	147079	4bb2b58d4f6007576b364de71fc45c2a4d208df74e8b03eaf4d59b2fc812aca2	4bb2b58d4f6007576b364de71fc45c2a4d208df74e8b03eaf4d59b2fc812aca2	
UploadFiles/xwzx/2023/3/202303021105398792.png	UploadFiles/xwzx/2023/3/202303021105398792.png	145969	bfd08d7c63e208ce6918db8b37ab66b7032c882643464583bdb0e21a3c391165	bfd08d7c63e208ce6918db8b37ab66b7032c882643464583bdb0e21a3c391165	
UploadFiles/xwzx/2023/3/202303021543259733.png	UploadFiles/xwzx/2023/3/202303021543259733.png	37288	c21c01e822867859a924e273a20a482714c49ee108a3d87f6ef0a99c4471a5fd	c21c01e822867859a924e273a20a482714c49ee108a3d87f6ef0a99c4471a5fd	
UploadFiles/xwzx/2023/3/202303021602597514.jpg	UploadFiles/xwzx/2023/3/202303021602597514.jpg	4764836	8ea4ec7fb832e65f9ab60886f9cb371c0e1faeb154ccbfe8f9496aa18292ce24	8ea4ec7fb832e65f9ab60886f9cb371c0e1faeb154ccbfe8f9496aa18292ce24	
UploadFiles/xwzx/2023/3/202303021603153023.JPG	UploadFiles/xwzx/2023/3/202303021603153023.jpg	2846566	99b6b5800e645136766ed375831c6a4bdfb06f1b3ccaca2b2b82934784755213	99b6b5800e645136766ed375831c6a4bdfb06f1b3ccaca2b2b82934784755213	
UploadFiles/xwzx/2023/3/202303021603157411.JPG	UploadFiles/xwzx/2023/3/202303021603157411.jpg	254173	e55588a1081a9a0cb21ee7bf33d7925ccc80b11ba6df4b453262fa2ae0671af6	e55588a1081a9a0cb21ee7bf33d7925ccc80b11ba6df4b453262fa2ae0671af6	
UploadFiles/xwzx/2023/3/202303021603158576.JPG	UploadFiles/xwzx/2023/3/202303021603158576.jpg	3178786	979b37e5cc705fb6fb60323af4d00979cc242231ab9b216d3b1af25d3fe0da55	979b37e5cc705fb6fb60323af4d00979cc242231ab9b216d3b1af25d3fe0da55	
UploadFiles/xwzx/2023/3/202303021603291790.JPG	UploadFiles/xwzx/2023/3/202303021603291790.jpg	2754362	b8d6ff719871e1286f37f7a3d12549bc25b41a907c86a84eaf91f2f21307caca	b8d6ff719871e1286f37f7a3d12549bc25b41a907c86a84eaf91f2f21307caca	
UploadFiles/xwzx/2023/3/202303021603293804.jpg	UploadFiles/xwzx/2023/3/202303021603293804.jpg	338271	7f4993e59fb3c5fd9035cb9476c6b0757346dffd79052ad9d62985ca9ce16b7f	7f4993e59fb3c5fd9035cb9476c6b0757346dffd79052ad9d62985ca9ce16b7f	
UploadFiles/xwzx/2023/3/202303021603427976.JPG	UploadFiles/xwzx/2023/3/202303021603427976.jpg	2520006	564b44437c0f776a6ba7f6169dfc51b9249d4966b15f3e83da0ae531a880998d	564b44437c0f776a6ba7f6169dfc51b9249d4966b15f3e83da0ae531a880998d	
UploadFiles/xwzx/2023/3/202303030905031396.JPG	UploadFiles/xwzx/2023/3/202303030905031396.jpg	15191	587fb294dd5e70dcc1bddc5e3c95439a06f8444e66e89daf15fb8ff23890bed9	587fb294dd5e70dcc1bddc5e3c95439a06f8444e66e89daf15fb8ff23890bed9	
UploadFiles/xwzx/2023/3/202303031445581947.png	UploadFiles/xwzx/2023/3/202303031445581947.png	60078	99da2058cc105c87521f1b169cf4a286277ed9e53937de48dbc7c24ece2dea15	99da2058cc105c87521f1b169cf4a286277ed9e53937de48dbc7c24ece2dea15	
UploadFiles/xwzx/2023/3/202303031645318875.png	UploadFiles/xwzx/2023/3/202303031645318875.png	145969	bfd08d7c63e208ce6918db8b37ab66b7032c882643464583bdb0e21a3c391165	bfd08d7c63e208ce6918db8b37ab66b7032c882643464583bdb0e21a3c391165	
UploadFiles/xwzx/2023/3/202303061535485438.jpg	UploadFiles/xwzx/2023/3/202303061535485438.jpg	478347	5f34ba07186fe002edf2f763bb2a9b5663f881edaa0356ab8c656467b23f44a2	5f34ba07186fe002edf2f763bb2a9b5663f881edaa0356ab8c656467b23f44a2	
UploadFiles/xwzx/2023/3/202303061610374804.png	UploadFiles/xwzx/2023/3/202303061610374804.png	146616	4bf30a4df03c5ff6132a19953867798f7d6c9f4448b1329e9f8a2d815d79f6e2	4bf30a4df03c5ff6132a19953867798f7d6c9f4448b1329e9f8a2d815d79f6e2	
UploadFiles/xwzx/2023/3/202303061648464072.jpg	UploadFiles/xwzx/2023/3/202303061648464072.jpg	500316	c71d3d457cf885b963744ac53212f97f17d9d76a283687554155b6efa0838407	c71d3d457cf885b963744ac53212f97f17d9d76a283687554155b6efa0838407	
UploadFiles/xwzx/2023/3/202303061648492173.jpg	UploadFiles/xwzx/2023/3/202303061648492173.jpg	531508	c543c9e42e19f8a7c62ee7cf929148a783852ab47aedee5d24700c89f95357b3	c543c9e42e19f8a7c62ee7cf929148a783852ab47aedee5d24700c89f95357b3	
UploadFiles/xwzx/2023/3/202303061648526035.jpg	UploadFiles/xwzx/2023/3/202303061648526035.jpg	451088	93ceba20f03c4505db800e42291c1aabc5197c554d8c7aa55d1242f0b50275e8	93ceba20f03c4505db800e42291c1aabc5197c554d8c7aa55d1242f0b50275e8	
UploadFiles/xwzx/2023/3/202303070855483260.png	UploadFiles/xwzx/2023/3/202303070855483260.png	146294	070f917d62f638aca0b31f3d828ccecb869294fc49a3ab216777556a48e4700e	070f917d62f638aca0b31f3d828ccecb869294fc49a3ab216777556a48e4700e	
UploadFiles/xwzx/2023/3/202303071248329630.jpg	UploadFiles/xwzx/2023/3/202303071248329630.jpg	12006745	54dbfedaf43e245e2a8f4428e83f835d274ef29d4cf718ac5e6579919c947afd	54dbfedaf43e245e2a8f4428e83f835d274ef29d4cf718ac5e6579919c947afd	
UploadFiles/xwzx/2023/3/202303071248334044.jpg	UploadFiles/xwzx/2023/3/202303071248334044.jpg	14516564	d181eacd13ec7555415c19b22fb96ef47d750b42ba567733dbb69be6c0c5335f	d181eacd13ec7555415c19b22fb96ef47d750b42ba567733dbb69be6c0c5335f	
UploadFiles/xwzx/2023/3/202303071249341853.png	UploadFiles/xwzx/2023/3/202303071249341853.png	94839	2d00df438308668be5b8bc7c2865d13b67ede1a0370cfcf95380677a42b36193	2d00df438308668be5b8bc7c2865d13b67ede1a0370cfcf95380677a42b36193	
UploadFiles/xwzx/2023/3/202303071249353267.png	UploadFiles/xwzx/2023/3/202303071249353267.png	86285	35ed5ca7dea15b8b604969cc0617bcb358b3bd61759a3552adf3fbc792bc0fc9	35ed5ca7dea15b8b604969cc0617bcb358b3bd61759a3552adf3fbc792bc0fc9	
UploadFiles/xwzx/2023/3/202303071249358952.jpg	UploadFiles/xwzx/2023/3/202303071249358952.jpg	20930	2354fd95b44e677014edb8f0d53b9027decc8cc33f590e7dc8e5f3d9374d710a	2354fd95b44e677014edb8f0d53b9027decc8cc33f590e7dc8e5f3d9374d710a	
UploadFiles/xwzx/2023/3/202303071249361289.png	UploadFiles/xwzx/2023/3/202303071249361289.png	41246	0505857d22989329975421abf75fed924d78a5d42cccf484acb02c4df1745361	0505857d22989329975421abf75fed924d78a5d42cccf484acb02c4df1745361	
UploadFiles/xwzx/2023/3/202303071249365596.jpg	UploadFiles/xwzx/2023/3/202303071249365596.jpg	75012	27e5d2e510cd150d33fa975cc4527bb8e55d5618accda040ecd4e6143005bd11	27e5d2e510cd150d33fa975cc4527bb8e55d5618accda040ecd4e6143005bd11	
UploadFiles/xwzx/2023/3/202303071249373374.JPG	UploadFiles/xwzx/2023/3/202303071249373374.jpg	18165483	60c4d9891636ed5a1e116e09610fd00de89d01a6febcd403264901240fb5354f	60c4d9891636ed5a1e116e09610fd00de89d01a6febcd403264901240fb5354f	
UploadFiles/xwzx/2023/3/202303071249385829.PNG	UploadFiles/xwzx/2023/3/202303071249385829.png	3466550	8cdd1501e854433eaa4511ecff98daa88ea586e537433f55550124af3b752a56	8cdd1501e854433eaa4511ecff98daa88ea586e537433f55550124af3b752a56	
UploadFiles/xwzx/2023/3/202303071249390478.JPG	UploadFiles/xwzx/2023/3/202303071249390478.jpg	2474447	86f4469974f8de54ef8f3839889b91979a6f25d82788ced1aa32cc19166b93ed	86f4469974f8de54ef8f3839889b91979a6f25d82788ced1aa32cc19166b93ed	
UploadFiles/xwzx/2023/3/202303071249390994.png	UploadFiles/xwzx/2023/3/202303071249390994.png	1470277	308ce9835398ba90d5cc129f770c8150ec740d26ff90873d95945362feb7daf3	308ce9835398ba90d5cc129f770c8150ec740d26ff90873d95945362feb7daf3	
UploadFiles/xwzx/2023/3/202303071249395288.jpg	UploadFiles/xwzx/2023/3/202303071249395288.jpg	8626781	f86e9b4a7c012eaceeb41e0dd4c60871fcf22ab5d91c8c6eef6e41ec4fc1c4eb	f86e9b4a7c012eaceeb41e0dd4c60871fcf22ab5d91c8c6eef6e41ec4fc1c4eb	
UploadFiles/xwzx/2023/3/202303071249440174.png	UploadFiles/xwzx/2023/3/202303071249440174.png	106033	e74111d6e9c280242a59aa3c43572e412112a1892cfacd16d6996d27babf6ccf	e74111d6e9c280242a59aa3c43572e412112a1892cfacd16d6996d27babf6ccf	
UploadFiles/xwzx/2023/3/202303071249442507.png	UploadFiles/xwzx/2023/3/202303071249442507.png	65015	7d187dae66e72cc646b46ad651f7dbd80bb4d098e73b5384ce5b3c6e4d79d8d2	7d187dae66e72cc646b46ad651f7dbd80bb4d098e73b5384ce5b3c6e4d79d8d2	
UploadFiles/xwzx/2023/3/202303071249447682.jpg	UploadFiles/xwzx/2023/3/202303071249447682.jpg	10563722	32ebd674bbe604f4ff742e0f492fd788eddf56509b64e0720a612fff5c3b3896	32ebd674bbe604f4ff742e0f492fd788eddf56509b64e0720a612fff5c3b3896	
UploadFiles/xwzx/2023/3/202303071249448603.jpg	UploadFiles/xwzx/2023/3/202303071249448603.jpg	13805860	b0f443fa595952c47cba6a26b511a07743ac0eab8d13ced01ff2f2095cff11fe	b0f443fa595952c47cba6a26b511a07743ac0eab8d13ced01ff2f2095cff11fe	
UploadFiles/xwzx/2023/3/202303071249459626.JPG	UploadFiles/xwzx/2023/3/202303071249459626.jpg	17653199	709c79de31572156fd38e6739be9bf1912280e94f21e80c932832386569db4cc	709c79de31572156fd38e6739be9bf1912280e94f21e80c932832386569db4cc	
UploadFiles/xwzx/2023/3/202303071250221720.jpg	UploadFiles/xwzx/2023/3/202303071250221720.jpg	3129146	b8a05f91bc1633cc95478ea4885862231c7a06c589a6aa5db087f10f3fb7c93e	b8a05f91bc1633cc95478ea4885862231c7a06c589a6aa5db087f10f3fb7c93e	
UploadFiles/xwzx/2023/3/202303071253428062.png	UploadFiles/xwzx/2023/3/202303071253428062.png	36759	bf2819ca2e7fd7f6e68bc532f55a2764f63cf04009c693b147154b94f977e0d1	bf2819ca2e7fd7f6e68bc532f55a2764f63cf04009c693b147154b94f977e0d1	
UploadFiles/xwzx/2023/3/202303081037162507.png	UploadFiles/xwzx/2023/3/202303081037162507.png	303327	18977a334ff63aff1fdb44e76ad8ff707930991f318f7e3097e06230c3e56821	18977a334ff63aff1fdb44e76ad8ff707930991f318f7e3097e06230c3e56821	
UploadFiles/xwzx/2023/3/202303081107431491.png	UploadFiles/xwzx/2023/3/202303081107431491.png	326118	77894d7ba8f575fab1212f2eabc90f1442b9f8e3a8e7cea5a53d347245ac72ec	77894d7ba8f575fab1212f2eabc90f1442b9f8e3a8e7cea5a53d347245ac72ec	
UploadFiles/xwzx/2023/3/202303081107432472.png	UploadFiles/xwzx/2023/3/202303081107432472.png	239783	24610bdaa4a9625b0f2ec52f9797238e6a5a3b1c3fafc79f00f199f0157cec88	24610bdaa4a9625b0f2ec52f9797238e6a5a3b1c3fafc79f00f199f0157cec88	
UploadFiles/xwzx/2023/3/202303081107432715.png	UploadFiles/xwzx/2023/3/202303081107432715.png	46696	2cd7003d9526e0edd60e73dfee3a795d0353b3752743d5f9399ca7870d9ce425	2cd7003d9526e0edd60e73dfee3a795d0353b3752743d5f9399ca7870d9ce425	
UploadFiles/xwzx/2023/3/202303081107433955.png	UploadFiles/xwzx/2023/3/202303081107433955.png	125495	447175287860d736c1c43ed16844658cc37afc56d3bfc6b6fa90a3d2d5d3d13b	447175287860d736c1c43ed16844658cc37afc56d3bfc6b6fa90a3d2d5d3d13b	
UploadFiles/xwzx/2023/3/202303081107434595.png	UploadFiles/xwzx/2023/3/202303081107434595.png	190715	6554aed137749b2b65d10e3a69e39772d252973cd7aedd35945c1f2777e679d7	6554aed137749b2b65d10e3a69e39772d252973cd7aedd35945c1f2777e679d7	
UploadFiles/xwzx/2023/3/202303081107434707.png	UploadFiles/xwzx/2023/3/202303081107434707.png	270608	1377e1952cc601167b5857546119a7c2c50b33baf3d3e3d70e54e5439a865bb9	1377e1952cc601167b5857546119a7c2c50b33baf3d3e3d70e54e5439a865bb9	
UploadFiles/xwzx/2023/3/202303081107435220.png	UploadFiles/xwzx/2023/3/202303081107435220.png	164627	a3b7f2155103accb67f82b81ba414e84b7bf2da101f8a8bc0f950f4d37756ea5	a3b7f2155103accb67f82b81ba414e84b7bf2da101f8a8bc0f950f4d37756ea5	
UploadFiles/xwzx/2023/3/202303081107435270.png	UploadFiles/xwzx/2023/3/202303081107435270.png	123170	8ff062a65304f4a4965161d4f0a626d71bf95f0d0affd47b825978d5aee07dfb	8ff062a65304f4a4965161d4f0a626d71bf95f0d0affd47b825978d5aee07dfb	
UploadFiles/xwzx/2023/3/202303081107435547.png	UploadFiles/xwzx/2023/3/202303081107435547.png	112873	f031b84cb4c1916480455bb56ebab279fd6ae9ae25ad139c1c4e6d5e003fedec	f031b84cb4c1916480455bb56ebab279fd6ae9ae25ad139c1c4e6d5e003fedec	
UploadFiles/xwzx/2023/3/202303081107437344.png	UploadFiles/xwzx/2023/3/202303081107437344.png	100920	2c071b9f0f150503a341f70cb929656127d3062ac5bf08346c81e900c101dafc	2c071b9f0f150503a341f70cb929656127d3062ac5bf08346c81e900c101dafc	
UploadFiles/xwzx/2023/3/202303081107439693.png	UploadFiles/xwzx/2023/3/202303081107439693.png	213867	7f200eaa266e2d46bf03bed1693c0e28db1e54d0e8212c55afc97371c5b0d752	7f200eaa266e2d46bf03bed1693c0e28db1e54d0e8212c55afc97371c5b0d752	
UploadFiles/xwzx/2023/3/202303081416392386.png	UploadFiles/xwzx/2023/3/202303081416392386.png	36747	451cec34f51beee0d1ba7f9c58e4be6f55cbf4b3206ba7be859a63da6741e619	451cec34f51beee0d1ba7f9c58e4be6f55cbf4b3206ba7be859a63da6741e619	
UploadFiles/xwzx/2023/3/202303081553164498.png	UploadFiles/xwzx/2023/3/202303081553164498.png	146794	90b785e1c4ad03384bcf4e2e4e2117fefddf0afa743b0aadb5d6336211bde4b8	90b785e1c4ad03384bcf4e2e4e2117fefddf0afa743b0aadb5d6336211bde4b8	
UploadFiles/xwzx/2023/3/202303091048282984.png	UploadFiles/xwzx/2023/3/202303091048282984.png	37417	5859265d49e8d1b61422645664bc41ce70300576cf6f3d10f9177a8a5e19072c	5859265d49e8d1b61422645664bc41ce70300576cf6f3d10f9177a8a5e19072c	
UploadFiles/xwzx/2023/3/202303091056254469.png	UploadFiles/xwzx/2023/3/202303091056254469.png	73380	ebd1bbe84864f6c83d338a974b77afb8c43ad868fbe3ce6ad415f6839c7ebb6a	ebd1bbe84864f6c83d338a974b77afb8c43ad868fbe3ce6ad415f6839c7ebb6a	
UploadFiles/xwzx/2023/3/202303101617319439.png	UploadFiles/xwzx/2023/3/202303101617319439.png	74094	57243a28d376c8baa60bfbbef468a82121354e7c534263b29d8979ac98567a7d	57243a28d376c8baa60bfbbef468a82121354e7c534263b29d8979ac98567a7d	
UploadFiles/xwzx/2023/3/202303101851576793.PNG	UploadFiles/xwzx/2023/3/202303101851576793.png	16240	5240d8d20eb31d5b69ba85cad3b19de2297b5884091685fc89875333036c84bb	5240d8d20eb31d5b69ba85cad3b19de2297b5884091685fc89875333036c84bb	
UploadFiles/xwzx/2023/3/202303111656545234.png	UploadFiles/xwzx/2023/3/202303111656545234.png	146446	6a661e0c0aaa59d814b5017178a840c740f04f53eba5477cffb07d37e92e97ed	6a661e0c0aaa59d814b5017178a840c740f04f53eba5477cffb07d37e92e97ed	
UploadFiles/xwzx/2023/3/202303140806560266.jpg	UploadFiles/xwzx/2023/3/202303140806560266.jpg	136127	b6baf06251c5f0c0eb7ef819e6db2dec18eaef91abe121b8349fd1c1f68aa09e	b6baf06251c5f0c0eb7ef819e6db2dec18eaef91abe121b8349fd1c1f68aa09e	
UploadFiles/xwzx/2023/3/202303140806561062.jpg	UploadFiles/xwzx/2023/3/202303140806561062.jpg	281671	cea9c4193bc40613971a8a60213e409f1791d2252086bc23fd6bcd0e383ad83d	cea9c4193bc40613971a8a60213e409f1791d2252086bc23fd6bcd0e383ad83d	
UploadFiles/xwzx/2023/3/202303140806563741.jpg	UploadFiles/xwzx/2023/3/202303140806563741.jpg	136127	b6baf06251c5f0c0eb7ef819e6db2dec18eaef91abe121b8349fd1c1f68aa09e	b6baf06251c5f0c0eb7ef819e6db2dec18eaef91abe121b8349fd1c1f68aa09e	
UploadFiles/xwzx/2023/3/202303140806564957.jpg	UploadFiles/xwzx/2023/3/202303140806564957.jpg	201233	006626cfc4a84c8ba00cb279273ad6a66382b63fb7987f59106db053bf98a72e	006626cfc4a84c8ba00cb279273ad6a66382b63fb7987f59106db053bf98a72e	
UploadFiles/xwzx/2023/3/202303140806565694.jpg	UploadFiles/xwzx/2023/3/202303140806565694.jpg	256800	724b659a29ff3f65c44722731ef4611fa52447dfc96e1d65ae6046eec4dff941	724b659a29ff3f65c44722731ef4611fa52447dfc96e1d65ae6046eec4dff941	
UploadFiles/xwzx/2023/3/202303140806568476.jpg	UploadFiles/xwzx/2023/3/202303140806568476.jpg	304949	70158e3eb0845004afab3579a04d0baa4d92389d5cc6d7d18d0f43408da33391	70158e3eb0845004afab3579a04d0baa4d92389d5cc6d7d18d0f43408da33391	
UploadFiles/xwzx/2023/3/202303140806575656.jpg	UploadFiles/xwzx/2023/3/202303140806575656.jpg	1949615	9a1103d8a8979a0c94788c2f6a964409d832feb2620c54c43b3771387ff2f971	9a1103d8a8979a0c94788c2f6a964409d832feb2620c54c43b3771387ff2f971	
UploadFiles/xwzx/2023/3/202303140806589296.jpg	UploadFiles/xwzx/2023/3/202303140806589296.jpg	2017991	16633142d54eae211705fde664b83ba4488bf346e6d94299615c8bb2859a175b	16633142d54eae211705fde664b83ba4488bf346e6d94299615c8bb2859a175b	
UploadFiles/xwzx/2023/3/202303141028389300.png	UploadFiles/xwzx/2023/3/202303141028389300.png	35710	01e4b15d196633ef8106c78d756662ab66b83da753d837f16e963a6a6944eea8	01e4b15d196633ef8106c78d756662ab66b83da753d837f16e963a6a6944eea8	
UploadFiles/xwzx/2023/3/202303141440185784.jpg	UploadFiles/xwzx/2023/3/202303141440185784.jpg	108709	0f9b99551394bf4556f760d45c8c64e9f024469aedcc12c2f1cdc5721c5e5e9e	0f9b99551394bf4556f760d45c8c64e9f024469aedcc12c2f1cdc5721c5e5e9e	
UploadFiles/xwzx/2023/3/202303150732507330.png	UploadFiles/xwzx/2023/3/202303150732507330.png	145925	91633c4d94a1aec6d35e7d92237a1feafbf86477eba5d3e538ee7632930da2cf	91633c4d94a1aec6d35e7d92237a1feafbf86477eba5d3e538ee7632930da2cf	
UploadFiles/xwzx/2023/3/202303151909287070.png	UploadFiles/xwzx/2023/3/202303151909287070.png	74253	204d262888eb04be077186ced64f580f35a1415958003cd183b390a89a86bf29	204d262888eb04be077186ced64f580f35a1415958003cd183b390a89a86bf29	
UploadFiles/xwzx/2023/3/202303161417193707.png	UploadFiles/xwzx/2023/3/202303161417193707.png	23694	713fbdaae7576d34b79410e73a5ca0da8869e8c8b025e57bc2577bfecb47123e	713fbdaae7576d34b79410e73a5ca0da8869e8c8b025e57bc2577bfecb47123e	
UploadFiles/xwzx/2023/3/202303161417246767.png	UploadFiles/xwzx/2023/3/202303161417246767.png	5684	ed9f254febb9d341fe45b634a4aaabe51e073a4bc4e0f7eb3e1aad6f098f0910	ed9f254febb9d341fe45b634a4aaabe51e073a4bc4e0f7eb3e1aad6f098f0910	
UploadFiles/xwzx/2023/3/202303161658383327.png	UploadFiles/xwzx/2023/3/202303161658383327.png	73478	b12e80866da46b328f8566bb1a0c5526bacac33ada40b9bcca57f3a175b5be06	b12e80866da46b328f8566bb1a0c5526bacac33ada40b9bcca57f3a175b5be06	
UploadFiles/xwzx/2023/3/202303170745447856.png	UploadFiles/xwzx/2023/3/202303170745447856.png	9789	6e0a59b3d2100c5c2df588ca6c5da6e2120197380d56bd32c3e129a9981b4a0a	6e0a59b3d2100c5c2df588ca6c5da6e2120197380d56bd32c3e129a9981b4a0a	
UploadFiles/xwzx/2023/3/202303171038533539.png	UploadFiles/xwzx/2023/3/202303171038533539.png	145809	0dfc23d024cc4d6180246a3161ebcee8ccf7cf6468cb9a0642be1c9629669d74	0dfc23d024cc4d6180246a3161ebcee8ccf7cf6468cb9a0642be1c9629669d74	
UploadFiles/xwzx/2023/3/202303171552109193.png	UploadFiles/xwzx/2023/3/202303171552109193.png	73588	b783a061044ef90c8528c18080cf44b44f9f7d298503a6e6b430474d43eba2d8	b783a061044ef90c8528c18080cf44b44f9f7d298503a6e6b430474d43eba2d8	
UploadFiles/xwzx/2023/3/202303171554469247.png	UploadFiles/xwzx/2023/3/202303171554469247.png	60723	6984595af7e7f114098cf362a352d9584642b6ca92ddfd125fa47a3748f3f458	6984595af7e7f114098cf362a352d9584642b6ca92ddfd125fa47a3748f3f458	
UploadFiles/xwzx/2023/3/202303171610053879.png	UploadFiles/xwzx/2023/3/202303171610053879.png	1763278	abe291adadd816c380dcf5cc7ec2013f22e5b49bfd84840d873f18904721aaed	abe291adadd816c380dcf5cc7ec2013f22e5b49bfd84840d873f18904721aaed	
UploadFiles/xwzx/2023/3/202303201057207737.png	UploadFiles/xwzx/2023/3/202303201057207737.png	146304	322a8b74c3e6da34d7b09e7bee51f839018d3eddb0464fa4b57462bcd45da4b7	322a8b74c3e6da34d7b09e7bee51f839018d3eddb0464fa4b57462bcd45da4b7	
UploadFiles/xwzx/2023/3/202303210812592819.png	UploadFiles/xwzx/2023/3/202303210812592819.png	414966	a807b4dbb47bb076e655631a91a12332ba48d67c0abde59a67fdc76edb8872bb	a807b4dbb47bb076e655631a91a12332ba48d67c0abde59a67fdc76edb8872bb	
UploadFiles/xwzx/2023/3/202303220847039374.jpg	UploadFiles/xwzx/2023/3/202303220847039374.jpg	2916364	d34dd9db80369db6b1fda98155b95e5c7caa3e6928d217d0396a2b5cca80cef5	d34dd9db80369db6b1fda98155b95e5c7caa3e6928d217d0396a2b5cca80cef5	
UploadFiles/xwzx/2023/3/202303220847063493.jpg	UploadFiles/xwzx/2023/3/202303220847063493.jpg	3892707	166841c7d3aff83d30f169bc80703bae06e10ca1242c9f813a9f1726bf32acb7	166841c7d3aff83d30f169bc80703bae06e10ca1242c9f813a9f1726bf32acb7	
UploadFiles/xwzx/2023/3/202303220847096974.jpg	UploadFiles/xwzx/2023/3/202303220847096974.jpg	2775501	c775ebdf068ffe90e4348e42938d1516e909aa5fd10453ba713ecd4f41c38fbd	c775ebdf068ffe90e4348e42938d1516e909aa5fd10453ba713ecd4f41c38fbd	
UploadFiles/xwzx/2023/3/202303220847116240.jpg	UploadFiles/xwzx/2023/3/202303220847116240.jpg	3503018	64b12ac054ab95e2cacc75cce490546bd8729119eea4bf5e2eb58a858facbd6d	64b12ac054ab95e2cacc75cce490546bd8729119eea4bf5e2eb58a858facbd6d	
UploadFiles/xwzx/2023/3/202303220847120355.jpg	UploadFiles/xwzx/2023/3/202303220847120355.jpg	3898403	a88fc1567b2e1b0b4bbecfb095708ec6af61d3e41e77bf7562bed9ac27d8ad49	a88fc1567b2e1b0b4bbecfb095708ec6af61d3e41e77bf7562bed9ac27d8ad49	
UploadFiles/xwzx/2023/3/202303220847141268.jpg	UploadFiles/xwzx/2023/3/202303220847141268.jpg	4443891	16584ab7ef6b3e71d20e3a495a57224c4ded0d73fc56c51bc8d57ff0dfce36c5	16584ab7ef6b3e71d20e3a495a57224c4ded0d73fc56c51bc8d57ff0dfce36c5	
UploadFiles/xwzx/2023/3/202303220847143941.jpg	UploadFiles/xwzx/2023/3/202303220847143941.jpg	200016	30a6a2a1502845de793f0e83f2cfa97f8946ac8c88200b566723e19c6de1ef3a	30a6a2a1502845de793f0e83f2cfa97f8946ac8c88200b566723e19c6de1ef3a	
UploadFiles/xwzx/2023/3/202303220847157473.jpg	UploadFiles/xwzx/2023/3/202303220847157473.jpg	174170	dbe5421bbb6315765b2b260b8461537b66b348f47069f7b12d563869094fae11	dbe5421bbb6315765b2b260b8461537b66b348f47069f7b12d563869094fae11	
UploadFiles/xwzx/2023/3/202303220847159579.jpg	UploadFiles/xwzx/2023/3/202303220847159579.jpg	31708	30a4c45457abe55e7b50ef0bbce47864de6242624b595ba1e286e104c5b5b82e	30a4c45457abe55e7b50ef0bbce47864de6242624b595ba1e286e104c5b5b82e	
UploadFiles/xwzx/2023/3/202303220847161217.jpg	UploadFiles/xwzx/2023/3/202303220847161217.jpg	4935612	e0a9f99188ba321d2b64f96f2b5b717d1f6d29c3b964d53310d5687708c2e73b	e0a9f99188ba321d2b64f96f2b5b717d1f6d29c3b964d53310d5687708c2e73b	
UploadFiles/xwzx/2023/3/202303220847189410.jpg	UploadFiles/xwzx/2023/3/202303220847189410.jpg	2101480	316c421b8af789f14a04804f77c2ae03d3f4abb5cdf328e29fc961de56e6aaff	316c421b8af789f14a04804f77c2ae03d3f4abb5cdf328e29fc961de56e6aaff	
UploadFiles/xwzx/2023/3/202303220847191134.jpg	UploadFiles/xwzx/2023/3/202303220847191134.jpg	4561701	f537fbe861ff700782749879d49d69e43425a196607e259c321bf08caac0e394	f537fbe861ff700782749879d49d69e43425a196607e259c321bf08caac0e394	
UploadFiles/xwzx/2023/3/202303220848404128.png	UploadFiles/xwzx/2023/3/202303220848404128.png	73964	dd6a2585e9cc2a2fab4df633a25950d71a81965ed94420004642551b610f22e1	dd6a2585e9cc2a2fab4df633a25950d71a81965ed94420004642551b610f22e1	
UploadFiles/xwzx/2023/3/202303230101175584.png	UploadFiles/xwzx/2023/3/202303230101175584.png	74472	57a4723c6c6109f7bdfb4624642cb841b96d3599464ef9c8332c51a6bbbfbcdd	57a4723c6c6109f7bdfb4624642cb841b96d3599464ef9c8332c51a6bbbfbcdd	
UploadFiles/xwzx/2023/3/202303240911292270.jpg	UploadFiles/xwzx/2023/3/202303240911292270.jpg	254821	d9130677d46daeadc829e57b57eee536fa01677702c2a58050157ce1b1a0e4bd	d9130677d46daeadc829e57b57eee536fa01677702c2a58050157ce1b1a0e4bd	
UploadFiles/xwzx/2023/3/202303240911301098.jpg	UploadFiles/xwzx/2023/3/202303240911301098.jpg	163708	41025e0e5fc4d6d92efe2b60d5d948b3731632a109aeccf4913912d5a57ed309	41025e0e5fc4d6d92efe2b60d5d948b3731632a109aeccf4913912d5a57ed309	
UploadFiles/xwzx/2023/3/202303240911301742.jpg	UploadFiles/xwzx/2023/3/202303240911301742.jpg	346962	1939bf79f923907bccd84d1935c5d9ef59bcd9dbd8cac48a43fac5a89f3954bf	1939bf79f923907bccd84d1935c5d9ef59bcd9dbd8cac48a43fac5a89f3954bf	
UploadFiles/xwzx/2023/3/202303240911304514.jpg	UploadFiles/xwzx/2023/3/202303240911304514.jpg	189308	04e1f70b3dd7585f45bc422aa15d3f09cc088b5348879b829b244e2eac1a5144	04e1f70b3dd7585f45bc422aa15d3f09cc088b5348879b829b244e2eac1a5144	
UploadFiles/xwzx/2023/3/202303240911305562.jpg	UploadFiles/xwzx/2023/3/202303240911305562.jpg	254772	b7e63796dd85abcc44d12b7adbe9259e5d125d444a7202d78e76df6f46d2324f	b7e63796dd85abcc44d12b7adbe9259e5d125d444a7202d78e76df6f46d2324f	
UploadFiles/xwzx/2023/3/202303240911306940.jpg	UploadFiles/xwzx/2023/3/202303240911306940.jpg	232727	3749c80b365bb1f8dbcd1fd645481efc4f5a622af52e48d9384d886fbe1e702a	3749c80b365bb1f8dbcd1fd645481efc4f5a622af52e48d9384d886fbe1e702a	
UploadFiles/xwzx/2023/3/202303240911307412.jpg	UploadFiles/xwzx/2023/3/202303240911307412.jpg	172771	ae000905d8f274e03fe9b6f11a5b7ef4a91100d1a4a166070e8b051fda08cedb	ae000905d8f274e03fe9b6f11a5b7ef4a91100d1a4a166070e8b051fda08cedb	
UploadFiles/xwzx/2023/3/202303240911308944.jpg	UploadFiles/xwzx/2023/3/202303240911308944.jpg	226673	b6b770d61be147888b088ea937129f6a2d5802b2e6385688a2c0fdad60d06312	b6b770d61be147888b088ea937129f6a2d5802b2e6385688a2c0fdad60d06312	
UploadFiles/xwzx/2023/3/202303240911317608.jpg	UploadFiles/xwzx/2023/3/202303240911317608.jpg	156797	1ad6c00b13eeff6a34e913fd21fc2430595274b6fbcada2ac5e438a0916b48da	1ad6c00b13eeff6a34e913fd21fc2430595274b6fbcada2ac5e438a0916b48da	
UploadFiles/xwzx/2023/3/202303240911317971.jpg	UploadFiles/xwzx/2023/3/202303240911317971.jpg	146363	a355a46acf23d6c10e8f7d4124cee39dfb5c2b1b855ec86bbdb328e3fc46ac28	a355a46acf23d6c10e8f7d4124cee39dfb5c2b1b855ec86bbdb328e3fc46ac28	
UploadFiles/xwzx/2023/3/202303240911319686.jpg	UploadFiles/xwzx/2023/3/202303240911319686.jpg	166582	70e8597135528cdf983704a2c39df46201e65133a263e0174589faca57ea21a6	70e8597135528cdf983704a2c39df46201e65133a263e0174589faca57ea21a6	
UploadFiles/xwzx/2023/3/202303240943157792.png	UploadFiles/xwzx/2023/3/202303240943157792.png	73637	323b964e52608feeef30ec3be74e238e536b889a81b5cc7aa11d3131e280f763	323b964e52608feeef30ec3be74e238e536b889a81b5cc7aa11d3131e280f763	
UploadFiles/xwzx/2023/3/202303240944059435.png	UploadFiles/xwzx/2023/3/202303240944059435.png	73368	49c5fede71d7994aea271c0a64b38995fd7aaab8ebd4368d844708e050e3b6f5	49c5fede71d7994aea271c0a64b38995fd7aaab8ebd4368d844708e050e3b6f5	
UploadFiles/xwzx/2023/3/202303270901003925.jpg	UploadFiles/xwzx/2023/3/202303270901003925.jpg	290657	810f80c073f392f1f8ee3f4089a0886851a8d5086394655ade7869d9fedab328	810f80c073f392f1f8ee3f4089a0886851a8d5086394655ade7869d9fedab328	
UploadFiles/xwzx/2023/3/202303270901084094.jpg	UploadFiles/xwzx/2023/3/202303270901084094.jpg	330803	4824038c5a334946d384e937fe0d695a9975da69454b1a8c2c164e3fdab375f5	4824038c5a334946d384e937fe0d695a9975da69454b1a8c2c164e3fdab375f5	
UploadFiles/xwzx/2023/3/202303270901144865.jpg	UploadFiles/xwzx/2023/3/202303270901144865.jpg	367282	2dfd2e5f6d2bc0f0f455307b83d1279b395506ac95ee60ef531deafc6c067036	2dfd2e5f6d2bc0f0f455307b83d1279b395506ac95ee60ef531deafc6c067036	
UploadFiles/xwzx/2023/3/202303270901204957.jpg	UploadFiles/xwzx/2023/3/202303270901204957.jpg	244274	fb1f61738864051f2f288305d5f6867d6351a60adaa17a3edafc8d726e6ae334	fb1f61738864051f2f288305d5f6867d6351a60adaa17a3edafc8d726e6ae334	
UploadFiles/xwzx/2023/3/202303280830586680.png	UploadFiles/xwzx/2023/3/202303280830586680.png	146453	7e3f6012ae84f7471ff8d3ecb3f7ae65575c455ad66ce910addff716c6096bc7	7e3f6012ae84f7471ff8d3ecb3f7ae65575c455ad66ce910addff716c6096bc7	
UploadFiles/xwzx/2023/3/202303280954172417.png	UploadFiles/xwzx/2023/3/202303280954172417.png	36412	0ff15636de619b0500fa910ef217ab64ec0f734f3c2042c367da07d6e49cf398	0ff15636de619b0500fa910ef217ab64ec0f734f3c2042c367da07d6e49cf398	
UploadFiles/xwzx/2023/3/202303281311187031.png	UploadFiles/xwzx/2023/3/202303281311187031.png	32611	88c1299aba0d71ed0ddf7b07e47dc634e1440af283ebcceb1fc172dca9e62e87	88c1299aba0d71ed0ddf7b07e47dc634e1440af283ebcceb1fc172dca9e62e87	
UploadFiles/xwzx/2023/3/202303281337157420.jpg	UploadFiles/xwzx/2023/3/202303281337157420.jpg	175685	ddebc3fd4b4e80d2711b9b163673914ecc774fd26bcea2b0a15404475c1f77d5	ddebc3fd4b4e80d2711b9b163673914ecc774fd26bcea2b0a15404475c1f77d5	
UploadFiles/xwzx/2023/3/202303290236238506.png	UploadFiles/xwzx/2023/3/202303290236238506.png	75139	cd15e07c4f883ffcbc5ad41a86d70e41ba31fea680cf599c5371cfddb722d850	cd15e07c4f883ffcbc5ad41a86d70e41ba31fea680cf599c5371cfddb722d850	
UploadFiles/xwzx/2023/3/202303300911139152.png	UploadFiles/xwzx/2023/3/202303300911139152.png	74069	f2841f2fa799b6c494aab3f8448b914a1cd0688bf348fc108fedaf2f8bfd6999	f2841f2fa799b6c494aab3f8448b914a1cd0688bf348fc108fedaf2f8bfd6999	
UploadFiles/xwzx/2023/3/202303300942288351.png	UploadFiles/xwzx/2023/3/202303300942288351.png	14399	ea6f46b5879082a2c325941ded9d2f787ba43aab2a0efaf5bfa06d027bb519c5	ea6f46b5879082a2c325941ded9d2f787ba43aab2a0efaf5bfa06d027bb519c5	
UploadFiles/xwzx/2023/3/202303300942297173.png	UploadFiles/xwzx/2023/3/202303300942297173.png	1110	3d44ad1379dc5b7849333b1d333123ee967fc54c1db2095b0179c76f04a63dc9	3d44ad1379dc5b7849333b1d333123ee967fc54c1db2095b0179c76f04a63dc9	
UploadFiles/xwzx/2023/3/202303301021312600.png	UploadFiles/xwzx/2023/3/202303301021312600.png	29823	216940e91093a8ca8c03a5360193a2d254360ba43c6febc09a13e905c1382ff9	216940e91093a8ca8c03a5360193a2d254360ba43c6febc09a13e905c1382ff9	
UploadFiles/xwzx/2023/3/202303311510071527.png	UploadFiles/xwzx/2023/3/202303311510071527.png	106721	ab972e0f94238f90cbeae68bd3c357ac34d517d7abeb6e9d4323f9c41645364b	ab972e0f94238f90cbeae68bd3c357ac34d517d7abeb6e9d4323f9c41645364b	
UploadFiles/xwzx/2023/3/202303311623150260.png	UploadFiles/xwzx/2023/3/202303311623150260.png	74462	58afc2154fa9ecdaee54b176d823874577129cc6a12965634436d16f9f268ff8	58afc2154fa9ecdaee54b176d823874577129cc6a12965634436d16f9f268ff8	
UploadFiles/xwzx/2023/4/202304010813111781.png	UploadFiles/xwzx/2023/4/202304010813111781.png	73970	ed2897a5b92adc3d8810a9fc0efb418ceec20c876e4b9519c5c959fa71588cee	ed2897a5b92adc3d8810a9fc0efb418ceec20c876e4b9519c5c959fa71588cee	
UploadFiles/xwzx/2023/4/202304030825436150.jpg	UploadFiles/xwzx/2023/4/202304030825436150.jpg	772558	3706672eb5590c633e6df1a6cb216cafb11884cb94a7e52ea5649228f8a61f79	3706672eb5590c633e6df1a6cb216cafb11884cb94a7e52ea5649228f8a61f79	
UploadFiles/xwzx/2023/4/202304030825465454.jpg	UploadFiles/xwzx/2023/4/202304030825465454.jpg	773566	79f6a22864d94eb4385ae1db8ce2d864d72596ead41ff1ea1d856388cf0f17b5	79f6a22864d94eb4385ae1db8ce2d864d72596ead41ff1ea1d856388cf0f17b5	
UploadFiles/xwzx/2023/4/202304030825495332.jpg	UploadFiles/xwzx/2023/4/202304030825495332.jpg	756201	7314d1ab5206ab474033f5214bf02b4abe6f34684b6a02fa0f93683865a56079	7314d1ab5206ab474033f5214bf02b4abe6f34684b6a02fa0f93683865a56079	
UploadFiles/xwzx/2023/4/202304030825539314.jpg	UploadFiles/xwzx/2023/4/202304030825539314.jpg	846210	b33c19bdbcc81bb4d842243fa1cc2ff96a1a0974d984c3298c8c2b8ad5dfd805	b33c19bdbcc81bb4d842243fa1cc2ff96a1a0974d984c3298c8c2b8ad5dfd805	
UploadFiles/xwzx/2023/4/202304030843530709.png	UploadFiles/xwzx/2023/4/202304030843530709.png	83602	2118435fc5f42bebd84184d0dca814fd7f79605dfc0cfad30728a0871f7dc8ac	2118435fc5f42bebd84184d0dca814fd7f79605dfc0cfad30728a0871f7dc8ac	
UploadFiles/xwzx/2023/4/202304030909074736.jpg	UploadFiles/xwzx/2023/4/202304030909074736.jpg	253751	b90b03fa630d5320fda879e35e9ed76eea59a641b5f03aa0c18ac153c117ab29	b90b03fa630d5320fda879e35e9ed76eea59a641b5f03aa0c18ac153c117ab29	
UploadFiles/xwzx/2023/4/202304030909077445.jpg	UploadFiles/xwzx/2023/4/202304030909077445.jpg	161055	a91876db53e8dc2e5aee1169b05a3dce0ab72b96764531f4d093889d7de3646b	a91876db53e8dc2e5aee1169b05a3dce0ab72b96764531f4d093889d7de3646b	
UploadFiles/xwzx/2023/4/202304030909078998.jpg	UploadFiles/xwzx/2023/4/202304030909078998.jpg	231185	c199884a4e2fd0b56f4652276c8194abcab032cff4d93fa9aa1feefaab71d239	c199884a4e2fd0b56f4652276c8194abcab032cff4d93fa9aa1feefaab71d239	
UploadFiles/xwzx/2023/4/202304031109359667.png	UploadFiles/xwzx/2023/4/202304031109359667.png	53967	4211843b0081da0acf06208712b3894a08c6c6fb282d2fae950f4aa61107c746	4211843b0081da0acf06208712b3894a08c6c6fb282d2fae950f4aa61107c746	
UploadFiles/xwzx/2023/4/202304060852212656.jpg	UploadFiles/xwzx/2023/4/202304060852212656.jpg	180471	c5e8284e48879c0c594d07f4a38a77c82c54215948dcd6b615aa052d01c69ec3	c5e8284e48879c0c594d07f4a38a77c82c54215948dcd6b615aa052d01c69ec3	
UploadFiles/xwzx/2023/4/202304060852213044.jpg	UploadFiles/xwzx/2023/4/202304060852213044.jpg	202911	6292a153357cd2b77a7d334c932b93e58968194e02a81e60a805d462ecc706cb	6292a153357cd2b77a7d334c932b93e58968194e02a81e60a805d462ecc706cb	
UploadFiles/xwzx/2023/4/202304060852214415.jpg	UploadFiles/xwzx/2023/4/202304060852214415.jpg	220546	44624aecd5e77dfa09feaa5d2f58025c4c2fa6e43064af17789043e87932ac6a	44624aecd5e77dfa09feaa5d2f58025c4c2fa6e43064af17789043e87932ac6a	
UploadFiles/xwzx/2023/4/202304060852215262.jpg	UploadFiles/xwzx/2023/4/202304060852215262.jpg	187595	8e1b960b85b52a5ab89c706082dff149c03d08b6b9bd11450e6aac252b425b7f	8e1b960b85b52a5ab89c706082dff149c03d08b6b9bd11450e6aac252b425b7f	
UploadFiles/xwzx/2023/4/202304060852221157.jpg	UploadFiles/xwzx/2023/4/202304060852221157.jpg	249264	a1bd81f5cc9030c1736298ae3a8c62dd4def52af3bdf98dd54f128bd7b425e30	a1bd81f5cc9030c1736298ae3a8c62dd4def52af3bdf98dd54f128bd7b425e30	
UploadFiles/xwzx/2023/4/202304060852237521.jpg	UploadFiles/xwzx/2023/4/202304060852237521.jpg	2374617	554d318155736a5917547b5b3f02e5e467e03d12616bdf9ad3a367dde3d0e1f1	554d318155736a5917547b5b3f02e5e467e03d12616bdf9ad3a367dde3d0e1f1	
UploadFiles/xwzx/2023/4/202304060900062991.jpg	UploadFiles/xwzx/2023/4/202304060900062991.jpg	98833	ca8b4469ebf71895ebd49fa696939257ed3cc076dc27bf55734a706d5c875839	ca8b4469ebf71895ebd49fa696939257ed3cc076dc27bf55734a706d5c875839	
UploadFiles/xwzx/2023/4/202304060900065530.jpg	UploadFiles/xwzx/2023/4/202304060900065530.jpg	103465	9caa50e26c6a7242114ba1597a7a1f7092321d0b1bae8c05615235e514ada2e7	9caa50e26c6a7242114ba1597a7a1f7092321d0b1bae8c05615235e514ada2e7	
UploadFiles/xwzx/2023/4/202304060900068764.jpg	UploadFiles/xwzx/2023/4/202304060900068764.jpg	93532	4ba5474f57f1280de0a99403b73d3577ddeb6d336dd38570b3e7a8cc44fba897	4ba5474f57f1280de0a99403b73d3577ddeb6d336dd38570b3e7a8cc44fba897	
UploadFiles/xwzx/2023/4/202304060900073424.jpg	UploadFiles/xwzx/2023/4/202304060900073424.jpg	1204651	a237fa89743da6cfcbb19337d7f1187e33ae3b671826624a0bac667c89724e65	a237fa89743da6cfcbb19337d7f1187e33ae3b671826624a0bac667c89724e65	
UploadFiles/xwzx/2023/4/202304060900073847.jpg	UploadFiles/xwzx/2023/4/202304060900073847.jpg	1552786	726d5f64f21b485ea224c877004c9c21b3487e5f4c48f5a0ffb51ab01370fee7	726d5f64f21b485ea224c877004c9c21b3487e5f4c48f5a0ffb51ab01370fee7	
UploadFiles/xwzx/2023/4/202304060911494828.JPG	UploadFiles/xwzx/2023/4/202304060911494828.jpg	6194090	cdd3c26ccd0859cd5d9114ab98a1713ce9e42c7315679d30237db2c4d48c058b	cdd3c26ccd0859cd5d9114ab98a1713ce9e42c7315679d30237db2c4d48c058b	
UploadFiles/xwzx/2023/4/202304060911520414.jpg	UploadFiles/xwzx/2023/4/202304060911520414.jpg	2772184	8ecd038c026eb915a58b043b1f657e3b0cfca3ce4d41f7aebc77d7a754d136dd	8ecd038c026eb915a58b043b1f657e3b0cfca3ce4d41f7aebc77d7a754d136dd	
UploadFiles/xwzx/2023/4/202304060911551090.jpg	UploadFiles/xwzx/2023/4/202304060911551090.jpg	2412224	2018b9e6f41b86561dcde7e2290052c8a161c09e830093f278d09210890eeecc	2018b9e6f41b86561dcde7e2290052c8a161c09e830093f278d09210890eeecc	
UploadFiles/xwzx/2023/4/202304060911553719.JPG	UploadFiles/xwzx/2023/4/202304060911553719.jpg	6418576	a819bd2435fd85c4efd66dd32547dfa05be46d079d90097b2b359d42e601d827	a819bd2435fd85c4efd66dd32547dfa05be46d079d90097b2b359d42e601d827	
UploadFiles/xwzx/2023/4/202304060911589593.JPG	UploadFiles/xwzx/2023/4/202304060911589593.jpg	8986607	f380329eafdb9e531788656fb5c66a57413b93ae8d0964cd39252b094e4be9f5	f380329eafdb9e531788656fb5c66a57413b93ae8d0964cd39252b094e4be9f5	
UploadFiles/xwzx/2023/4/202304060916427376.jpg	UploadFiles/xwzx/2023/4/202304060916427376.jpg	3939205	d2bc90974603a1a67b0f0b52d2982d0badb19c1ab27fd12137eb6e3c1e97718c	d2bc90974603a1a67b0f0b52d2982d0badb19c1ab27fd12137eb6e3c1e97718c	
UploadFiles/xwzx/2023/4/202304060917112408.JPG	UploadFiles/xwzx/2023/4/202304060917112408.jpg	1998321	6467b8c566d1805fd0fb348327403a5a6c1c3483e7f4ceebd325f5057df9df8e	6467b8c566d1805fd0fb348327403a5a6c1c3483e7f4ceebd325f5057df9df8e	
UploadFiles/xwzx/2023/4/202304060917258571.jpg	UploadFiles/xwzx/2023/4/202304060917258571.jpg	2109866	b343489881650dba084e06d4d37d703dd754e6b7ea01108912b65e9a681e3a08	b343489881650dba084e06d4d37d703dd754e6b7ea01108912b65e9a681e3a08	
UploadFiles/xwzx/2023/4/202304060917385733.jpg	UploadFiles/xwzx/2023/4/202304060917385733.jpg	4592509	1faa0046d0161961164dac2777aea7f8e6a81cabb389b103603902cad9638f0b	1faa0046d0161961164dac2777aea7f8e6a81cabb389b103603902cad9638f0b	
UploadFiles/xwzx/2023/4/202304060932154827.jpg	UploadFiles/xwzx/2023/4/202304060932154827.jpg	2007386	6c5623695eee377b5aa03d4a80fd3610753db560a1bf25302fe91d743aee16e2	6c5623695eee377b5aa03d4a80fd3610753db560a1bf25302fe91d743aee16e2	
UploadFiles/xwzx/2023/4/202304060932155834.jpg	UploadFiles/xwzx/2023/4/202304060932155834.jpg	1487456	024769e40a763c7b6678e929b7add218e94203bd054a8766e02d4e9d6444fcce	024769e40a763c7b6678e929b7add218e94203bd054a8766e02d4e9d6444fcce	
UploadFiles/xwzx/2023/4/202304060932370656.jpg	UploadFiles/xwzx/2023/4/202304060932370656.jpg	1456757	53dd3d7b92d5857b135dc6394d6edd21a794f0ca37f4e55b275d81f06024afae	53dd3d7b92d5857b135dc6394d6edd21a794f0ca37f4e55b275d81f06024afae	
UploadFiles/xwzx/2023/4/202304060932492905.png	UploadFiles/xwzx/2023/4/202304060932492905.png	11924459	c42fdb238efc7513016254885ac36f7126bd5ffc59d390e72ce5a2057f8d2d59	c42fdb238efc7513016254885ac36f7126bd5ffc59d390e72ce5a2057f8d2d59	
UploadFiles/xwzx/2023/4/202304060932496065.png	UploadFiles/xwzx/2023/4/202304060932496065.png	8982300	984220a92482cf1fc799fd87e7a5fa91c3338dce313aadbe68787bdd97d83bf6	984220a92482cf1fc799fd87e7a5fa91c3338dce313aadbe68787bdd97d83bf6	
UploadFiles/xwzx/2023/4/202304060933117001.jpg	UploadFiles/xwzx/2023/4/202304060933117001.jpg	1926762	2b1c6884abe2bdbd67e82f8f7f8fe00ffc26940287cb938986a0aa53142bd6e7	2b1c6884abe2bdbd67e82f8f7f8fe00ffc26940287cb938986a0aa53142bd6e7	
UploadFiles/xwzx/2023/4/202304060933128780.jpg	UploadFiles/xwzx/2023/4/202304060933128780.jpg	1587719	d1ed1990578cd6402bc0556f7a6abcf6c9e39abdf9eb4a81a015dba3922b5284	d1ed1990578cd6402bc0556f7a6abcf6c9e39abdf9eb4a81a015dba3922b5284	
UploadFiles/xwzx/2023/4/202304060933135247.jpg	UploadFiles/xwzx/2023/4/202304060933135247.jpg	1763249	474d18994520d0d812da9726474b966737555bf1369bc924a81dde6215676950	474d18994520d0d812da9726474b966737555bf1369bc924a81dde6215676950	
UploadFiles/xwzx/2023/4/202304060936023110.jpg	UploadFiles/xwzx/2023/4/202304060936023110.jpg	1710766	cd1c5f9cd85b60667d573bfe5935da2eba1c9ed0ad8f827573116cfaff567714	cd1c5f9cd85b60667d573bfe5935da2eba1c9ed0ad8f827573116cfaff567714	
UploadFiles/xwzx/2023/4/202304060936025236.jpg	UploadFiles/xwzx/2023/4/202304060936025236.jpg	1337973	4740ca560dc49a2268f68c8f4a68e36f69d0edf48be8fdb322b00d79792685d8	4740ca560dc49a2268f68c8f4a68e36f69d0edf48be8fdb322b00d79792685d8	
UploadFiles/xwzx/2023/4/202304061430019018.png	UploadFiles/xwzx/2023/4/202304061430019018.png	36548	9f6e91ba2d97b4f11a43b2dc69480e6482ce6d2bfaa27b326fcc762a88460579	9f6e91ba2d97b4f11a43b2dc69480e6482ce6d2bfaa27b326fcc762a88460579	
UploadFiles/xwzx/2023/4/202304071002523332.png	UploadFiles/xwzx/2023/4/202304071002523332.png	36727	b993ae74597ca3fa6a4470543fcbd5de0457e0fedaa0ebfbc90fde0ceacbffd1	b993ae74597ca3fa6a4470543fcbd5de0457e0fedaa0ebfbc90fde0ceacbffd1	
UploadFiles/xwzx/2023/4/202304071349390792.png	UploadFiles/xwzx/2023/4/202304071349390792.png	32020	a062cb4303e85fff52848f32e1d9f2da411872fb1e71d15132fb237227676ef7	a062cb4303e85fff52848f32e1d9f2da411872fb1e71d15132fb237227676ef7	
UploadFiles/xwzx/2023/4/202304071926464482.png	UploadFiles/xwzx/2023/4/202304071926464482.png	73353	4fd6a343e4883ec0107db837eac413801b7024cdf2927acbcc9a862f8cec5f8f	4fd6a343e4883ec0107db837eac413801b7024cdf2927acbcc9a862f8cec5f8f	
UploadFiles/xwzx/2023/4/202304110706408066.png	UploadFiles/xwzx/2023/4/202304110706408066.png	74094	13d73db60b46afb93e829acdecc8c713e61fcd460806824ddfd859bd8ab58bf1	13d73db60b46afb93e829acdecc8c713e61fcd460806824ddfd859bd8ab58bf1	
UploadFiles/xwzx/2023/4/202304111345116277.png	UploadFiles/xwzx/2023/4/202304111345116277.png	36087	51192002ce59c0875c8c69975fcb460f79d927faa54431fd72fcb286254cc16b	51192002ce59c0875c8c69975fcb460f79d927faa54431fd72fcb286254cc16b	
UploadFiles/xwzx/2023/4/202304120747073890.png	UploadFiles/xwzx/2023/4/202304120747073890.png	73776	2757c57fa5c6abee8e7536ff9eed564012205ecf3166566b31c78e7f37b7cf74	2757c57fa5c6abee8e7536ff9eed564012205ecf3166566b31c78e7f37b7cf74	
UploadFiles/xwzx/2023/4/202304120845221513.png	UploadFiles/xwzx/2023/4/202304120845221513.png	15907	f3ee71ed8e0777f90187257b7085bd12341eca1fc9d15a16f4526ca03f355c70	f3ee71ed8e0777f90187257b7085bd12341eca1fc9d15a16f4526ca03f355c70	
UploadFiles/xwzx/2023/4/202304120846202867.png	UploadFiles/xwzx/2023/4/202304120846202867.png	28304	5aef5963a8b4062b0cab7911c62de970432cb83eb3a4f76a979b9952e475843b	5aef5963a8b4062b0cab7911c62de970432cb83eb3a4f76a979b9952e475843b	
UploadFiles/xwzx/2023/4/202304130907536522.png	UploadFiles/xwzx/2023/4/202304130907536522.png	73591	7103475c772bfa052c93cae3408b5b0ac3a7ce22ea9fbab0cb55fe9dda80a8a3	7103475c772bfa052c93cae3408b5b0ac3a7ce22ea9fbab0cb55fe9dda80a8a3	
UploadFiles/xwzx/2023/4/202304131647395160.png	UploadFiles/xwzx/2023/4/202304131647395160.png	73163	b8d51985f8c78965b3834cc141095deb6edded0d456373617092fe72338c9b8d	b8d51985f8c78965b3834cc141095deb6edded0d456373617092fe72338c9b8d	
UploadFiles/xwzx/2023/4/202304171543211278.png	UploadFiles/xwzx/2023/4/202304171543211278.png	56661	64eca9244011072caccb6c4b1484799b0c2cbe7a0048225ad5c894a2ace2ceee	64eca9244011072caccb6c4b1484799b0c2cbe7a0048225ad5c894a2ace2ceee	
UploadFiles/xwzx/2023/4/202304190958304052.JPG	UploadFiles/xwzx/2023/4/202304190958304052.jpg	5378485	f8b8141b8f591e8a7d1a4b73e3d8f8e17e083ab288a850c0cb2cb16bed94ec98	f8b8141b8f591e8a7d1a4b73e3d8f8e17e083ab288a850c0cb2cb16bed94ec98	
UploadFiles/xwzx/2023/4/202304190958305656.JPG	UploadFiles/xwzx/2023/4/202304190958305656.jpg	7325185	a91d0d100f39c0b6693a5665000409e753b0121d11fe7b5fff99c5a91d4faad0	a91d0d100f39c0b6693a5665000409e753b0121d11fe7b5fff99c5a91d4faad0	
UploadFiles/xwzx/2023/4/202304190958332534.JPG	UploadFiles/xwzx/2023/4/202304190958332534.jpg	2894074	f2b0500d2f493d77b8d68e16b1fcb08c67932915f1f18fea9e02c34446457044	f2b0500d2f493d77b8d68e16b1fcb08c67932915f1f18fea9e02c34446457044	
UploadFiles/xwzx/2023/4/202304190958333362.JPG	UploadFiles/xwzx/2023/4/202304190958333362.jpg	4178227	19db0e4136208aa137642caf97e88e9ebf552b0a8c3dfacbbfcd442c0608307c	19db0e4136208aa137642caf97e88e9ebf552b0a8c3dfacbbfcd442c0608307c	
UploadFiles/xwzx/2023/4/202304190958337065.JPG	UploadFiles/xwzx/2023/4/202304190958337065.jpg	4822691	f24a14708c0bbeb6079c807b8f74828927f858293652a6ea1401d03eb6fc6413	f24a14708c0bbeb6079c807b8f74828927f858293652a6ea1401d03eb6fc6413	
UploadFiles/xwzx/2023/4/202304190958341470.jpg	UploadFiles/xwzx/2023/4/202304190958341470.jpg	4685392	37e95ec625802bcff0d3a2282a6a0591fff30ef66935672171673a51c62ef000	37e95ec625802bcff0d3a2282a6a0591fff30ef66935672171673a51c62ef000	
UploadFiles/xwzx/2023/4/202304190958354211.JPG	UploadFiles/xwzx/2023/4/202304190958354211.jpg	5296486	e2bc0647e2dfbfc78317dc6fbc465e583aca62222474abb5bc483e3769c306e6	e2bc0647e2dfbfc78317dc6fbc465e583aca62222474abb5bc483e3769c306e6	
UploadFiles/xwzx/2023/4/202304191000264467.png	UploadFiles/xwzx/2023/4/202304191000264467.png	307340	830e0f91960b5e36d00be6ba3642a9fca65df53b9d26a2b94d46b2838e1deb2e	830e0f91960b5e36d00be6ba3642a9fca65df53b9d26a2b94d46b2838e1deb2e	
UploadFiles/xwzx/2023/4/202304191000271512.png	UploadFiles/xwzx/2023/4/202304191000271512.png	342894	9705a455161485e2917649df32164a34cf8406160f5f848a7750b3dc785d82b7	9705a455161485e2917649df32164a34cf8406160f5f848a7750b3dc785d82b7	
UploadFiles/xwzx/2023/4/202304191000275243.png	UploadFiles/xwzx/2023/4/202304191000275243.png	371464	ad91028a4f63de2b9f744d5c0b1af4cdcb26978355b47d7224323adc51ca80f7	ad91028a4f63de2b9f744d5c0b1af4cdcb26978355b47d7224323adc51ca80f7	
UploadFiles/xwzx/2023/4/202304191000277339.png	UploadFiles/xwzx/2023/4/202304191000277339.png	364645	b739f81398b6ddd33f4c8a57213675893743f07105c645a79ddb44132cb3ae7d	b739f81398b6ddd33f4c8a57213675893743f07105c645a79ddb44132cb3ae7d	
UploadFiles/xwzx/2023/4/202304191000277729.png	UploadFiles/xwzx/2023/4/202304191000277729.png	369839	377ec39df96ae274806ac7afcfed2984deabf18c27229fd8b3a234ee727b8614	377ec39df96ae274806ac7afcfed2984deabf18c27229fd8b3a234ee727b8614	
UploadFiles/xwzx/2023/4/202304191000445526.jpg	UploadFiles/xwzx/2023/4/202304191000445526.jpg	2326488	ae1daff054947e845d5c39371b87bb252ce6652b39d65d05597d571a026d2c55	ae1daff054947e845d5c39371b87bb252ce6652b39d65d05597d571a026d2c55	
UploadFiles/xwzx/2023/4/202304191000545501.jpg	UploadFiles/xwzx/2023/4/202304191000545501.jpg	872843	10b717c14f0a459f5b0cb9011407ebadd678388d88e40f8574c676d06268b746	10b717c14f0a459f5b0cb9011407ebadd678388d88e40f8574c676d06268b746	
UploadFiles/xwzx/2023/4/202304191001089412.jpg	UploadFiles/xwzx/2023/4/202304191001089412.jpg	2194813	cace061fd297dd26f72dac2a0989a2eb6fff778e05a4074fe4d7f0e9272177fd	cace061fd297dd26f72dac2a0989a2eb6fff778e05a4074fe4d7f0e9272177fd	
UploadFiles/xwzx/2023/4/202304191001188488.jpg	UploadFiles/xwzx/2023/4/202304191001188488.jpg	2026945	22cab63e05d95fe9e501fe17f6821abe7d6f3afd4bc52baa3f3555b05eae8005	22cab63e05d95fe9e501fe17f6821abe7d6f3afd4bc52baa3f3555b05eae8005	
UploadFiles/xwzx/2023/4/202304191001319675.jpg	UploadFiles/xwzx/2023/4/202304191001319675.jpg	1475447	34ea473da00f9895a3df777f97b7214d6c36a1481d4767bdb893b036312e6ec4	34ea473da00f9895a3df777f97b7214d6c36a1481d4767bdb893b036312e6ec4	
UploadFiles/xwzx/2023/4/202304191001431774.jpeg	UploadFiles/xwzx/2023/4/202304191001431774.jpeg	3488761	7ea947a0dbe83a63dff826e7e4cf73bdc3d0bbdb18bcadc054311f896fc6e3c6	7ea947a0dbe83a63dff826e7e4cf73bdc3d0bbdb18bcadc054311f896fc6e3c6	
UploadFiles/xwzx/2023/4/202304191003174480.png	UploadFiles/xwzx/2023/4/202304191003174480.png	417838	3122558ed602a4956c7c279a5e721755fc859f8aa18cd126198dca52dc8aa758	3122558ed602a4956c7c279a5e721755fc859f8aa18cd126198dca52dc8aa758	
UploadFiles/xwzx/2023/4/202304191003522351.jpg	UploadFiles/xwzx/2023/4/202304191003522351.jpg	1685830	513ffa8f18900fb8b819563f8a51ff78605a626d57fa06d92126a57d86cc137c	513ffa8f18900fb8b819563f8a51ff78605a626d57fa06d92126a57d86cc137c	
UploadFiles/xwzx/2023/4/202304191003524803.jpg	UploadFiles/xwzx/2023/4/202304191003524803.jpg	1201685	47825ee4fbaf1a887cc305acdf2fe903e102899241f5df2a1236885e99434231	47825ee4fbaf1a887cc305acdf2fe903e102899241f5df2a1236885e99434231	
UploadFiles/xwzx/2023/4/202304191003526624.jpg	UploadFiles/xwzx/2023/4/202304191003526624.jpg	1358673	bdca3171936ce19f0cddb297672c8136727988d3982aa70cb5012aaa8eadce51	bdca3171936ce19f0cddb297672c8136727988d3982aa70cb5012aaa8eadce51	
UploadFiles/xwzx/2023/4/202304191003527609.jpg	UploadFiles/xwzx/2023/4/202304191003527609.jpg	1140348	d96ec2fdcc1f41463f256b57a9fd7fd8b0f366f21b90772cf093317438e20c8f	d96ec2fdcc1f41463f256b57a9fd7fd8b0f366f21b90772cf093317438e20c8f	
UploadFiles/xwzx/2023/4/202304191003531601.jpg	UploadFiles/xwzx/2023/4/202304191003531601.jpg	1045214	f41d7abac30f364732de457b59841a15a0c79e5f849dc40f2085cdb72694f56f	f41d7abac30f364732de457b59841a15a0c79e5f849dc40f2085cdb72694f56f	
UploadFiles/xwzx/2023/4/202304191003536351.jpg	UploadFiles/xwzx/2023/4/202304191003536351.jpg	2755007	6eba2a039736bea294f47b4bbfcd28f5043a940eb45e5c3c2d4603c2a7491119	6eba2a039736bea294f47b4bbfcd28f5043a940eb45e5c3c2d4603c2a7491119	
UploadFiles/xwzx/2023/4/202304191003538806.jpg	UploadFiles/xwzx/2023/4/202304191003538806.jpg	1657185	238512f1ace5fe1dc5f04281bb32275714fb268d1cf42cc752706bc4c25f68e0	238512f1ace5fe1dc5f04281bb32275714fb268d1cf42cc752706bc4c25f68e0	
UploadFiles/xwzx/2023/4/202304191003539812.jpg	UploadFiles/xwzx/2023/4/202304191003539812.jpg	1410213	01c5c2592b32bbd631888fe0cb4bcf4b648c488f608085df3372c4a67124b93f	01c5c2592b32bbd631888fe0cb4bcf4b648c488f608085df3372c4a67124b93f	
UploadFiles/xwzx/2023/4/202304191005482589.jpg	UploadFiles/xwzx/2023/4/202304191005482589.jpg	496783	d14e3cdafae117859fb9cab8aae0d708361be15aca379c935e0b62e96a3d9b94	d14e3cdafae117859fb9cab8aae0d708361be15aca379c935e0b62e96a3d9b94	
UploadFiles/xwzx/2023/4/202304191005484228.jpg	UploadFiles/xwzx/2023/4/202304191005484228.jpg	298930	7b78d1c4f4e452c93665e9d9039e95a385b78a667c1202ef2013968105931473	7b78d1c4f4e452c93665e9d9039e95a385b78a667c1202ef2013968105931473	
UploadFiles/xwzx/2023/4/202304191005484817.jpg	UploadFiles/xwzx/2023/4/202304191005484817.jpg	337476	33a445100bf2651f143e35dd68180926c25c7fd1a94a3859e2b103e8f0ffdc14	33a445100bf2651f143e35dd68180926c25c7fd1a94a3859e2b103e8f0ffdc14	
UploadFiles/xwzx/2023/4/202304191005485068.jpg	UploadFiles/xwzx/2023/4/202304191005485068.jpg	419600	278994647a9da6ed06dd5c291a4891c2221493a0ea605e77eeaa01267cfb00f4	278994647a9da6ed06dd5c291a4891c2221493a0ea605e77eeaa01267cfb00f4	
UploadFiles/xwzx/2023/4/202304191005485554.jpg	UploadFiles/xwzx/2023/4/202304191005485554.jpg	287496	bf43fac768d138b7041fee0064c262fbf012870abd79b0fe5852557641ffae3e	bf43fac768d138b7041fee0064c262fbf012870abd79b0fe5852557641ffae3e	
UploadFiles/xwzx/2023/4/202304191005486338.jpg	UploadFiles/xwzx/2023/4/202304191005486338.jpg	313482	8de2ecbf7c185fc7ce872cd8a2dd1ea357489a93dea7e19e90dc51deef43b552	8de2ecbf7c185fc7ce872cd8a2dd1ea357489a93dea7e19e90dc51deef43b552	
UploadFiles/xwzx/2023/4/202304191005487326.jpg	UploadFiles/xwzx/2023/4/202304191005487326.jpg	558602	de38182505a1a681ad6d0f910bc0d8d1fd0e9e5730ef5316f8c7ceb125ab4fce	de38182505a1a681ad6d0f910bc0d8d1fd0e9e5730ef5316f8c7ceb125ab4fce	
UploadFiles/xwzx/2023/4/202304191005489396.jpg	UploadFiles/xwzx/2023/4/202304191005489396.jpg	314606	06043b3e847380d1ec54e8da7ba884a2ba689927bba94e63a15926c787ac31f0	06043b3e847380d1ec54e8da7ba884a2ba689927bba94e63a15926c787ac31f0	
UploadFiles/xwzx/2023/4/202304191005489712.jpg	UploadFiles/xwzx/2023/4/202304191005489712.jpg	349722	6303e8bb2d4b98e03283cb0451ea067f4f16f730aa3732f43fcaddea3d9cb170	6303e8bb2d4b98e03283cb0451ea067f4f16f730aa3732f43fcaddea3d9cb170	
UploadFiles/xwzx/2023/4/202304191005493025.jpg	UploadFiles/xwzx/2023/4/202304191005493025.jpg	395899	71e016859cf01325dac0b3d49c2971744963a3b3efc7b288584f5399fbbc7bde	71e016859cf01325dac0b3d49c2971744963a3b3efc7b288584f5399fbbc7bde	
UploadFiles/xwzx/2023/4/202304191005493783.jpg	UploadFiles/xwzx/2023/4/202304191005493783.jpg	257666	a0e58a367afd4c962884a04da179969a1e96261721eec302fc2dc6a616bf7522	a0e58a367afd4c962884a04da179969a1e96261721eec302fc2dc6a616bf7522	
UploadFiles/xwzx/2023/4/202304191005493993.jpg	UploadFiles/xwzx/2023/4/202304191005493993.jpg	418420	ca256999ee6cb1f9afc7bf7a9deb5962d2863cf9e35481d29b288610ab14285e	ca256999ee6cb1f9afc7bf7a9deb5962d2863cf9e35481d29b288610ab14285e	
UploadFiles/xwzx/2023/4/202304191005494886.jpg	UploadFiles/xwzx/2023/4/202304191005494886.jpg	427372	2faae6312e771c1e43b3d9f04add655afac78a0233e5bbe2b658641d8f23181b	2faae6312e771c1e43b3d9f04add655afac78a0233e5bbe2b658641d8f23181b	
UploadFiles/xwzx/2023/4/202304191005495290.jpg	UploadFiles/xwzx/2023/4/202304191005495290.jpg	360200	5d732ead44a175f1f659da3bd53131479b5dc399affc385e0beb204fb4dccf35	5d732ead44a175f1f659da3bd53131479b5dc399affc385e0beb204fb4dccf35	
UploadFiles/xwzx/2023/4/202304191005495376.jpg	UploadFiles/xwzx/2023/4/202304191005495376.jpg	334529	932095fc6128e71904dd701f6cd3a5d27f3281c3be3f17be89a6d277a18076f9	932095fc6128e71904dd701f6cd3a5d27f3281c3be3f17be89a6d277a18076f9	
UploadFiles/xwzx/2023/4/202304191005495534.jpg	UploadFiles/xwzx/2023/4/202304191005495534.jpg	530133	b8d2e65e28a0510f355bcb7f1dce461142c7713e36615d3eb939de1573a2ded1	b8d2e65e28a0510f355bcb7f1dce461142c7713e36615d3eb939de1573a2ded1	
UploadFiles/xwzx/2023/4/202304191005496163.jpg	UploadFiles/xwzx/2023/4/202304191005496163.jpg	404197	ff385d4865ce737c1b1024f602c504538df6918db03e40e120ea040dfb70d0ba	ff385d4865ce737c1b1024f602c504538df6918db03e40e120ea040dfb70d0ba	
UploadFiles/xwzx/2023/4/202304191005497048.jpg	UploadFiles/xwzx/2023/4/202304191005497048.jpg	486276	fbee509b79864b1a50ae389227bf9658e9f13c648b29a0455d5774f9e4906de4	fbee509b79864b1a50ae389227bf9658e9f13c648b29a0455d5774f9e4906de4	
UploadFiles/xwzx/2023/4/202304191005497532.jpg	UploadFiles/xwzx/2023/4/202304191005497532.jpg	356396	c2644d53eeac6c3c919e4293027b0eda76fd0c13846031d1eca9606626f18f01	c2644d53eeac6c3c919e4293027b0eda76fd0c13846031d1eca9606626f18f01	
UploadFiles/xwzx/2023/4/202304191005497874.jpg	UploadFiles/xwzx/2023/4/202304191005497874.jpg	436176	f4cbffc54e6c7052251655a5092d213d8cbf959c9f151a7b8f21e47aadc45f68	f4cbffc54e6c7052251655a5092d213d8cbf959c9f151a7b8f21e47aadc45f68	
UploadFiles/xwzx/2023/4/202304191005498164.jpg	UploadFiles/xwzx/2023/4/202304191005498164.jpg	488060	6715835b5d0769dbd9c7dbcbefd8004566804d385ffb5e8ecec383093252eb59	6715835b5d0769dbd9c7dbcbefd8004566804d385ffb5e8ecec383093252eb59	
UploadFiles/xwzx/2023/4/202304191005498670.jpg	UploadFiles/xwzx/2023/4/202304191005498670.jpg	303138	594dd1da2bb3c3266d07408a59386298ed7b38689aaffb62c7020aa48bbebb1f	594dd1da2bb3c3266d07408a59386298ed7b38689aaffb62c7020aa48bbebb1f	
UploadFiles/xwzx/2023/4/202304191005499511.jpg	UploadFiles/xwzx/2023/4/202304191005499511.jpg	306143	358d59e137d17ef4184f3fa91ab7ad9d3ebf1110cac3a347f71a2e29c7e8c10a	358d59e137d17ef4184f3fa91ab7ad9d3ebf1110cac3a347f71a2e29c7e8c10a	
UploadFiles/xwzx/2023/4/202304191013020873.png	UploadFiles/xwzx/2023/4/202304191013020873.png	322963	ca3195f35c9470b60e9ba5946344f1668b3bb96ad0f2e8c1d7b00aa1156f88c0	ca3195f35c9470b60e9ba5946344f1668b3bb96ad0f2e8c1d7b00aa1156f88c0	
UploadFiles/xwzx/2023/4/202304191013021256.png	UploadFiles/xwzx/2023/4/202304191013021256.png	105747	1791165d96e91221ccfd3ca5aea58952cfa812472a481e970f5b2cc544091248	1791165d96e91221ccfd3ca5aea58952cfa812472a481e970f5b2cc544091248	
UploadFiles/xwzx/2023/4/202304191013023760.jpg	UploadFiles/xwzx/2023/4/202304191013023760.jpg	112670	36021368a9b8e4605fe922cde446d1d9c60591574d2c3833838127dafe58f020	36021368a9b8e4605fe922cde446d1d9c60591574d2c3833838127dafe58f020	
UploadFiles/xwzx/2023/4/202304191013029478.png	UploadFiles/xwzx/2023/4/202304191013029478.png	388687	6b55446e599c1165ae55430d18081be38888e9f233769eceb650e6c202faee5e	6b55446e599c1165ae55430d18081be38888e9f233769eceb650e6c202faee5e	
UploadFiles/xwzx/2023/4/202304191013035453.jpg	UploadFiles/xwzx/2023/4/202304191013035453.jpg	485273	eec6ac81a4b07fbaa0344eac8bf6ba73134a1f9049c16055bb580268c9dcd723	eec6ac81a4b07fbaa0344eac8bf6ba73134a1f9049c16055bb580268c9dcd723	
UploadFiles/xwzx/2023/4/202304191013037318.JPG	UploadFiles/xwzx/2023/4/202304191013037318.jpg	7409423	897073131b2f1bf9c95462b7e7c5ca81f0bfbfe4e09b3df0b8b06b422640a71b	897073131b2f1bf9c95462b7e7c5ca81f0bfbfe4e09b3df0b8b06b422640a71b	
UploadFiles/xwzx/2023/4/202304191013043135.jpg	UploadFiles/xwzx/2023/4/202304191013043135.jpg	5561449	18873641f0eaa51fe8793ec8f6bf6902bbedee2dff19c5aa9895cbe5a3ed793c	18873641f0eaa51fe8793ec8f6bf6902bbedee2dff19c5aa9895cbe5a3ed793c	
UploadFiles/xwzx/2023/4/202304191014237161.png	UploadFiles/xwzx/2023/4/202304191014237161.png	1629714	145afea84abe903afde7763116156ddce8d8afe5eb3c063e65246da905dbcc8f	145afea84abe903afde7763116156ddce8d8afe5eb3c063e65246da905dbcc8f	
UploadFiles/xwzx/2023/4/202304191014247593.png	UploadFiles/xwzx/2023/4/202304191014247593.png	7122080	c6b040606c6689458cef32199dd3aa0dd3fce0733815326e9b8705e5165daad9	c6b040606c6689458cef32199dd3aa0dd3fce0733815326e9b8705e5165daad9	
UploadFiles/xwzx/2023/4/202304191014249649.png	UploadFiles/xwzx/2023/4/202304191014249649.png	9133167	f91168047cbe4fbfeb586d51622338244ac9556d058e1cfab83f203ffc614a50	f91168047cbe4fbfeb586d51622338244ac9556d058e1cfab83f203ffc614a50	
UploadFiles/xwzx/2023/4/202304191014257095.png	UploadFiles/xwzx/2023/4/202304191014257095.png	11423365	7abd920ccdbe1d1ed01d0bb5bb4d3a9adeccad418881aa834e4b703c0230a6a1	7abd920ccdbe1d1ed01d0bb5bb4d3a9adeccad418881aa834e4b703c0230a6a1	
UploadFiles/xwzx/2023/4/202304211048092063.png	UploadFiles/xwzx/2023/4/202304211048092063.png	45681	6c23d38dfc7f4314195167296163a42f95ec0964da10d20fab9d28da5c0d28b9	6c23d38dfc7f4314195167296163a42f95ec0964da10d20fab9d28da5c0d28b9	
UploadFiles/xwzx/2023/4/202304211318219709.JPG	UploadFiles/xwzx/2023/4/202304211318219709.jpg	153634	e31fe0e9c364459d3a85bd840e1cdd456638af8652a72675a938cdbcc755e4a6	e31fe0e9c364459d3a85bd840e1cdd456638af8652a72675a938cdbcc755e4a6	
UploadFiles/xwzx/2023/4/202304211636076128.png	UploadFiles/xwzx/2023/4/202304211636076128.png	73243	45b6d55495099afbcbe539f48bdf395243fe6cef2494987cc568eb114cfd66c3	45b6d55495099afbcbe539f48bdf395243fe6cef2494987cc568eb114cfd66c3	
UploadFiles/xwzx/2023/4/202304211645052054.JPG	UploadFiles/xwzx/2023/4/202304211645052054.jpg	15003651	c2c96a5765e764c7b9582cf0c47b11e585abb0305e69ceb05115a933ccb7d5b0	c2c96a5765e764c7b9582cf0c47b11e585abb0305e69ceb05115a933ccb7d5b0	
UploadFiles/xwzx/2023/4/202304211645066362.JPG	UploadFiles/xwzx/2023/4/202304211645066362.jpg	14591110	b4c1fbda89fb7dde0406a9acf9fa7f2e0a4af215feaeebca32719529f0a0c062	b4c1fbda89fb7dde0406a9acf9fa7f2e0a4af215feaeebca32719529f0a0c062	
UploadFiles/xwzx/2023/4/202304211645072650.JPG	UploadFiles/xwzx/2023/4/202304211645072650.jpg	10830929	491269ef0a63c3208b401695338da33cd99a2c74c35a48efbee4d4381cf35d97	491269ef0a63c3208b401695338da33cd99a2c74c35a48efbee4d4381cf35d97	
UploadFiles/xwzx/2023/4/202304211645094881.JPG	UploadFiles/xwzx/2023/4/202304211645094881.jpg	15637580	5d0005d675197cec173829094301f02e3a0bf53643fcdadf8d6f367f6628d1bf	5d0005d675197cec173829094301f02e3a0bf53643fcdadf8d6f367f6628d1bf	
UploadFiles/xwzx/2023/4/202304211645103223.JPG	UploadFiles/xwzx/2023/4/202304211645103223.jpg	10132047	9984ec163cf3716e53fc9c1f7508077ade350afe80941bdc8609755af8a8dd02	9984ec163cf3716e53fc9c1f7508077ade350afe80941bdc8609755af8a8dd02	
UploadFiles/xwzx/2023/4/202304211645104304.JPG	UploadFiles/xwzx/2023/4/202304211645104304.jpg	15408078	0208223c6a01d2fedca9cc596ba3ba1efe66d36e054ff8b8617c639cc9ae8fdd	0208223c6a01d2fedca9cc596ba3ba1efe66d36e054ff8b8617c639cc9ae8fdd	
UploadFiles/xwzx/2023/4/202304242149471476.jpg	UploadFiles/xwzx/2023/4/202304242149471476.jpg	148337	f50269cf64baa6c2cd306e4a31ad6cb12a8911afae6681be68adb3f24adfcd5f	f50269cf64baa6c2cd306e4a31ad6cb12a8911afae6681be68adb3f24adfcd5f	
UploadFiles/xwzx/2023/4/202304242150119672.png	UploadFiles/xwzx/2023/4/202304242150119672.png	75169	f49c9a8b915da64598aaaa34bd70601158b1e73de9e6ecaf85086b33ab28a4bd	f49c9a8b915da64598aaaa34bd70601158b1e73de9e6ecaf85086b33ab28a4bd	
UploadFiles/xwzx/2023/4/202304270148453939.png	UploadFiles/xwzx/2023/4/202304270148453939.png	73980	98cf88a5d23ceb9b9ef1de6c94d7ae4d4df4cf65eecc25c7308f97aa31df54ad	98cf88a5d23ceb9b9ef1de6c94d7ae4d4df4cf65eecc25c7308f97aa31df54ad	
UploadFiles/xwzx/2023/4/202304270149014660.png	UploadFiles/xwzx/2023/4/202304270149014660.png	73780	b022ec341b5e061e3724960d92afacb2c58e8734a59ff7e598ecc150b834eb80	b022ec341b5e061e3724960d92afacb2c58e8734a59ff7e598ecc150b834eb80	
UploadFiles/xwzx/2023/4/202304272217079491.png	UploadFiles/xwzx/2023/4/202304272217079491.png	73791	c8cc7d5aefd1a5a4e9295e00ccbd4b2085c3d53daf3a8fdcd6573a2b8ed8c5ac	c8cc7d5aefd1a5a4e9295e00ccbd4b2085c3d53daf3a8fdcd6573a2b8ed8c5ac	
UploadFiles/xwzx/2023/4/202304281423025545.png	UploadFiles/xwzx/2023/4/202304281423025545.png	55635	c2fabebd8778bb259b4e926a57c03d64d3a56f81d9a03b18609761420f6c30ca	c2fabebd8778bb259b4e926a57c03d64d3a56f81d9a03b18609761420f6c30ca	
UploadFiles/xwzx/2023/4/202304281443549812.JPG	UploadFiles/xwzx/2023/4/202304281443549812.jpg	261565	0a1673bf5b433feab7569c9f142b3d787f273488e7b69e9601b002bb55e88643	0a1673bf5b433feab7569c9f142b3d787f273488e7b69e9601b002bb55e88643	
UploadFiles/xwzx/2023/4/202304281543556550.png	UploadFiles/xwzx/2023/4/202304281543556550.png	74495	61a12b1fbef2215eb54614a592f60d60045f08a28b45cd25d5a01b97406f5332	61a12b1fbef2215eb54614a592f60d60045f08a28b45cd25d5a01b97406f5332	
UploadFiles/xwzx/2023/5/202305040834532172.JPG	UploadFiles/xwzx/2023/5/202305040834532172.jpg	75223	9188b0781c894657896784b04335a1d10b580c12d162ec97d567ac821ed514fe	9188b0781c894657896784b04335a1d10b580c12d162ec97d567ac821ed514fe	
UploadFiles/xwzx/2023/5/202305040848090980.jpg	UploadFiles/xwzx/2023/5/202305040848090980.jpg	2514572	7608440c6bdc867d5c47870180f81f4dd006ffdd6b208ffdfe23b47d90c473f6	7608440c6bdc867d5c47870180f81f4dd006ffdd6b208ffdfe23b47d90c473f6	
UploadFiles/xwzx/2023/5/202305040848240188.jpg	UploadFiles/xwzx/2023/5/202305040848240188.jpg	73204	0d3d45bf70054f6685794d4f1cc31148d8b5a3a73f5bfea14eb2784dec9fea18	0d3d45bf70054f6685794d4f1cc31148d8b5a3a73f5bfea14eb2784dec9fea18	
UploadFiles/xwzx/2023/5/202305040848242814.jpg	UploadFiles/xwzx/2023/5/202305040848242814.jpg	58103	33aee045fcdfd862b8751ca4bd2eef464123377d3190daae520fd0763fc669c4	33aee045fcdfd862b8751ca4bd2eef464123377d3190daae520fd0763fc669c4	
UploadFiles/xwzx/2023/5/202305040848245988.jpg	UploadFiles/xwzx/2023/5/202305040848245988.jpg	53961	a6cfb0dca9fa83950cef50a26a0973194b0fae333e5e34263ccf63dc579ec347	a6cfb0dca9fa83950cef50a26a0973194b0fae333e5e34263ccf63dc579ec347	
UploadFiles/xwzx/2023/5/202305040848246908.jpg	UploadFiles/xwzx/2023/5/202305040848246908.jpg	59824	a6744dcdaefd48e70991dc769660d844a0ac7deffc9728d788b93e51383522a5	a6744dcdaefd48e70991dc769660d844a0ac7deffc9728d788b93e51383522a5	
UploadFiles/xwzx/2023/5/202305040848249652.jpg	UploadFiles/xwzx/2023/5/202305040848249652.jpg	90945	da8591a0c6b7363d644df28f3ada17d5aff04b7e07a92019ce6ae01340971a60	da8591a0c6b7363d644df28f3ada17d5aff04b7e07a92019ce6ae01340971a60	
UploadFiles/xwzx/2023/5/202305040848362963.jpg	UploadFiles/xwzx/2023/5/202305040848362963.jpg	59659	8863486ab8a5fa65121dd0bdc6c6ff7a5463cd79f7e9c4ff3740717b6d4271da	8863486ab8a5fa65121dd0bdc6c6ff7a5463cd79f7e9c4ff3740717b6d4271da	
UploadFiles/xwzx/2023/5/202305040848366816.jpg	UploadFiles/xwzx/2023/5/202305040848366816.jpg	54077	2d4e6dd66a34a6fe59b227a84e1f378fcd039fce9fa3edc260afcf2f913ff5dd	2d4e6dd66a34a6fe59b227a84e1f378fcd039fce9fa3edc260afcf2f913ff5dd	
UploadFiles/xwzx/2023/5/202305040848367252.jpg	UploadFiles/xwzx/2023/5/202305040848367252.jpg	51118	d97720cd20801d69cfecbc1822690b7512ff3111444be64498d39b96cb046b87	d97720cd20801d69cfecbc1822690b7512ff3111444be64498d39b96cb046b87	
UploadFiles/xwzx/2023/5/202305040848500632.jpg	UploadFiles/xwzx/2023/5/202305040848500632.jpg	66983	4c0c90fa0a4e843f6ab0f81bc1264c59818a1dd8ae6e1935701314b672dfe08f	4c0c90fa0a4e843f6ab0f81bc1264c59818a1dd8ae6e1935701314b672dfe08f	
UploadFiles/xwzx/2023/5/202305040848502808.jpg	UploadFiles/xwzx/2023/5/202305040848502808.jpg	48263	2f10e2660e3db203318e7828c48e02c0d171ab1549e04ea6613acc8794ccac21	2f10e2660e3db203318e7828c48e02c0d171ab1549e04ea6613acc8794ccac21	
UploadFiles/xwzx/2023/5/202305040848504970.jpg	UploadFiles/xwzx/2023/5/202305040848504970.jpg	58127	f8c4a3470803ca896773af2817a1e032ad984217b2323f12b27768690af31b50	f8c4a3470803ca896773af2817a1e032ad984217b2323f12b27768690af31b50	
UploadFiles/xwzx/2023/5/202305040848509347.jpg	UploadFiles/xwzx/2023/5/202305040848509347.jpg	53900	6617a659c68ef4b9c08b3ee1764fc28783086fee1691392bca522ecc1890e887	6617a659c68ef4b9c08b3ee1764fc28783086fee1691392bca522ecc1890e887	
UploadFiles/xwzx/2023/5/202305040849003389.jpg	UploadFiles/xwzx/2023/5/202305040849003389.jpg	73769	cbb1d97cd14f944ac1777e86e65aae4fa59ad277c8fd669f1b3e9f518484f61b	cbb1d97cd14f944ac1777e86e65aae4fa59ad277c8fd669f1b3e9f518484f61b	
UploadFiles/xwzx/2023/5/202305040853226607.png	UploadFiles/xwzx/2023/5/202305040853226607.png	974239	7f46f58d9944efc94df13932dd6591c146f1d29f42dca13be0998eb1509197ea	7f46f58d9944efc94df13932dd6591c146f1d29f42dca13be0998eb1509197ea	
UploadFiles/xwzx/2023/5/202305040854173861.png	UploadFiles/xwzx/2023/5/202305040854173861.png	691380	30d6561092728d8e09b02f7c06a2c180fa8cbb9494d796bc792e4f9cac289758	30d6561092728d8e09b02f7c06a2c180fa8cbb9494d796bc792e4f9cac289758	
UploadFiles/xwzx/2023/5/202305040854179327.png	UploadFiles/xwzx/2023/5/202305040854179327.png	722167	6da30eb2a13d874a294e46da1db9d4365a179a722b8e075b9113a7ddc5c0e68b	6da30eb2a13d874a294e46da1db9d4365a179a722b8e075b9113a7ddc5c0e68b	
UploadFiles/xwzx/2023/5/202305040854179335.png	UploadFiles/xwzx/2023/5/202305040854179335.png	743093	5fda6ec71ff6babb8dc24e1b71996c09e4e6767eec4ae6dd83809d8817f6fc20	5fda6ec71ff6babb8dc24e1b71996c09e4e6767eec4ae6dd83809d8817f6fc20	
UploadFiles/xwzx/2023/5/202305040930570416.jpg	UploadFiles/xwzx/2023/5/202305040930570416.jpg	120048	4af1aba72200fa7828d4a37b39cdb8cc7770c49fcb4080cf784fc9fd80f937b5	4af1aba72200fa7828d4a37b39cdb8cc7770c49fcb4080cf784fc9fd80f937b5	
UploadFiles/xwzx/2023/5/202305040930575366.png	UploadFiles/xwzx/2023/5/202305040930575366.png	19376	491d609d2c56d88abfe3782c5aed4180a4fb10cfdfe4ba99cc2be1ae59488267	491d609d2c56d88abfe3782c5aed4180a4fb10cfdfe4ba99cc2be1ae59488267	
UploadFiles/xwzx/2023/5/202305040930575725.jpg	UploadFiles/xwzx/2023/5/202305040930575725.jpg	10552763	d55061e2170b4b00bf490378f2d2284a58478bd59484b82543ec5e4a4eb0ae85	d55061e2170b4b00bf490378f2d2284a58478bd59484b82543ec5e4a4eb0ae85	
UploadFiles/xwzx/2023/5/202305040930577366.jpg	UploadFiles/xwzx/2023/5/202305040930577366.jpg	198552	2d7de989e53b1c9ab3f0d54b0c54514e49e18cd1e810580d1eec75f7f69024b9	2d7de989e53b1c9ab3f0d54b0c54514e49e18cd1e810580d1eec75f7f69024b9	
UploadFiles/xwzx/2023/5/202305040930582732.JPG	UploadFiles/xwzx/2023/5/202305040930582732.jpg	1779977	03ed7e582e39221515cfeb0f5c5759c4b588306580ccb8c0c4a7e2db3b1df39f	03ed7e582e39221515cfeb0f5c5759c4b588306580ccb8c0c4a7e2db3b1df39f	
UploadFiles/xwzx/2023/5/202305040930583373.JPG	UploadFiles/xwzx/2023/5/202305040930583373.jpg	2181025	9bdb8ccd236af8e1af09d8925ad60ac1f09dff5ffc533555259739d2892d226d	9bdb8ccd236af8e1af09d8925ad60ac1f09dff5ffc533555259739d2892d226d	
UploadFiles/xwzx/2023/5/202305040930584022.png	UploadFiles/xwzx/2023/5/202305040930584022.png	2222912	72b1288a3e0dd2cb32aa90cbca12ce5c4d7525dd283f89fd30121247620e24e8	72b1288a3e0dd2cb32aa90cbca12ce5c4d7525dd283f89fd30121247620e24e8	
UploadFiles/xwzx/2023/5/202305041654560161.png	UploadFiles/xwzx/2023/5/202305041654560161.png	75104	f01874b5177b4712c6d86f52390ec26e1b8b12f73cb55d2c0873471e7e1ab38b	f01874b5177b4712c6d86f52390ec26e1b8b12f73cb55d2c0873471e7e1ab38b	
UploadFiles/xwzx/2023/5/202305041756006846.png	UploadFiles/xwzx/2023/5/202305041756006846.png	3625122	7c9c29dcf5e91e29c2685f9b41a62c6b53d69b40e8dfd71a02c62e8822e56ddf	7c9c29dcf5e91e29c2685f9b41a62c6b53d69b40e8dfd71a02c62e8822e56ddf	
UploadFiles/xwzx/2023/5/202305041756181579.png	UploadFiles/xwzx/2023/5/202305041756181579.png	6280677	efa45195452a6b4f6c1c1ce5094bc0e3ed67afbab68eb0b869722de0d6679efb	efa45195452a6b4f6c1c1ce5094bc0e3ed67afbab68eb0b869722de0d6679efb	
UploadFiles/xwzx/2023/5/202305050843514782.png	UploadFiles/xwzx/2023/5/202305050843514782.png	11965	b31249bd1b67c2f9040053e611b18e516c7c563d5d892d0c677810475fa01d4d	b31249bd1b67c2f9040053e611b18e516c7c563d5d892d0c677810475fa01d4d	
UploadFiles/xwzx/2023/5/202305050906215777.png	UploadFiles/xwzx/2023/5/202305050906215777.png	21755	973590db35918b0c4c7209fd66932a42b23ff7d5487f5e042e47569cbc3c797e	973590db35918b0c4c7209fd66932a42b23ff7d5487f5e042e47569cbc3c797e	
UploadFiles/xwzx/2023/5/202305061102137253.jpg	UploadFiles/xwzx/2023/5/202305061102137253.jpg	140572	593aa82b2ea37afd3c436b8a69c9db4d61bf97093a64c9d4cd5e6e23996c5d49	593aa82b2ea37afd3c436b8a69c9db4d61bf97093a64c9d4cd5e6e23996c5d49	
UploadFiles/xwzx/2023/5/202305061106343986.JPG	UploadFiles/xwzx/2023/5/202305061106343986.jpg	5979805	f6c02ff27a5a35c14d91e5fd069978d47486073c8d4cff8dc088431c68c888f2	f6c02ff27a5a35c14d91e5fd069978d47486073c8d4cff8dc088431c68c888f2	
UploadFiles/xwzx/2023/5/202305061106354226.JPG	UploadFiles/xwzx/2023/5/202305061106354226.jpg	5501857	5e830025ae5472b1f5b47875f7e8b2287098b1bd9d3a9efd3eef6e757457881b	5e830025ae5472b1f5b47875f7e8b2287098b1bd9d3a9efd3eef6e757457881b	
UploadFiles/xwzx/2023/5/202305061106407423.JPG	UploadFiles/xwzx/2023/5/202305061106407423.jpg	4948036	69b7a8c54494a17f672ae63eb4b6ab2b01914c88bba5e15db57d6e833fea2e26	69b7a8c54494a17f672ae63eb4b6ab2b01914c88bba5e15db57d6e833fea2e26	
UploadFiles/xwzx/2023/5/202305061106440842.JPG	UploadFiles/xwzx/2023/5/202305061106440842.jpg	5282929	c8d88f6b4c1d907c7fa061918be98ede7c41f9441fae57ed4820d36050f856f1	c8d88f6b4c1d907c7fa061918be98ede7c41f9441fae57ed4820d36050f856f1	
UploadFiles/xwzx/2023/5/202305061106461261.JPG	UploadFiles/xwzx/2023/5/202305061106461261.jpg	3416086	4d53808e80ae7a23fdd6fe328040d895936f3ffbecf07f767bda266b11516b38	4d53808e80ae7a23fdd6fe328040d895936f3ffbecf07f767bda266b11516b38	
UploadFiles/xwzx/2023/5/202305061106462870.JPG	UploadFiles/xwzx/2023/5/202305061106462870.jpg	5756109	80c343de80051ddfde89bfcf74954f47b3f5993e25a6fb301204de79d7b6024b	80c343de80051ddfde89bfcf74954f47b3f5993e25a6fb301204de79d7b6024b	
UploadFiles/xwzx/2023/5/202305061106464965.JPG	UploadFiles/xwzx/2023/5/202305061106464965.jpg	190841	8fdba79b909e2c7c151cdbdc24781baed4211b52e40a3540029c90a8553d3add	8fdba79b909e2c7c151cdbdc24781baed4211b52e40a3540029c90a8553d3add	
UploadFiles/xwzx/2023/5/202305061106476847.jpg	UploadFiles/xwzx/2023/5/202305061106476847.jpg	187654	b9354f5d783300f4eb92bcb05e4bc052feb694eda469ac890efc62c8889bb095	b9354f5d783300f4eb92bcb05e4bc052feb694eda469ac890efc62c8889bb095	
UploadFiles/xwzx/2023/5/202305061106479795.jpg	UploadFiles/xwzx/2023/5/202305061106479795.jpg	817703	4e42ab71595fc1cc80b71598cb8107313ba2dbfd1b95ac476d2e0fd5ae57e795	4e42ab71595fc1cc80b71598cb8107313ba2dbfd1b95ac476d2e0fd5ae57e795	
UploadFiles/xwzx/2023/5/202305061106484971.JPG	UploadFiles/xwzx/2023/5/202305061106484971.jpg	5491142	c12af9910b2dab94334e23b0ca681e4c4a17535807be4d21a3f49f9c609ddec0	c12af9910b2dab94334e23b0ca681e4c4a17535807be4d21a3f49f9c609ddec0	
UploadFiles/xwzx/2023/5/202305061512463782.png	UploadFiles/xwzx/2023/5/202305061512463782.png	73213	491f3acb532272674f3cdae9a66497bfaefa52775122991191d9715992f9dc8b	491f3acb532272674f3cdae9a66497bfaefa52775122991191d9715992f9dc8b	
UploadFiles/xwzx/2023/5/202305061512591564.png	UploadFiles/xwzx/2023/5/202305061512591564.png	73588	e481919bbda7521a3dcfce6521ae4095bf321dd7c71fa661f6fcf4be4b9533f1	e481919bbda7521a3dcfce6521ae4095bf321dd7c71fa661f6fcf4be4b9533f1	
UploadFiles/xwzx/2023/5/202305061621424672.png	UploadFiles/xwzx/2023/5/202305061621424672.png	31859	9aa20510e27cfdb3660cef26f9f2acfe8e4371cfca9bad8d121b2593e99c38cb	9aa20510e27cfdb3660cef26f9f2acfe8e4371cfca9bad8d121b2593e99c38cb	
UploadFiles/xwzx/2023/5/202305090933122904.png	UploadFiles/xwzx/2023/5/202305090933122904.png	70625	3d1a443b62a3a9f5d1896d608b6bf0f95e548f600a5ad65e8ca0aa180b8090e9	3d1a443b62a3a9f5d1896d608b6bf0f95e548f600a5ad65e8ca0aa180b8090e9	
UploadFiles/xwzx/2023/5/202305090933124562.png	UploadFiles/xwzx/2023/5/202305090933124562.png	48759	b476c04fb70aea7651024eec7fc879d377c973547ca03e87bc5cfcce04dad43f	b476c04fb70aea7651024eec7fc879d377c973547ca03e87bc5cfcce04dad43f	
UploadFiles/xwzx/2023/5/202305090933127049.png	UploadFiles/xwzx/2023/5/202305090933127049.png	48274	ce0dd3fbc172eb719c9112f9c819dc10fecd6f67018b739f88d7ef98edbbbe2d	ce0dd3fbc172eb719c9112f9c819dc10fecd6f67018b739f88d7ef98edbbbe2d	
UploadFiles/xwzx/2023/5/202305090933138838.JPG	UploadFiles/xwzx/2023/5/202305090933138838.jpg	3372720	469a4bf1faddf6d38583e783dee8e1b6215c524065c065c79c569c3779ce35d4	469a4bf1faddf6d38583e783dee8e1b6215c524065c065c79c569c3779ce35d4	
UploadFiles/xwzx/2023/5/202305101512008053.jpg	UploadFiles/xwzx/2023/5/202305101512008053.jpg	2735168	3b0fa747c787f69f2dfbe8320b8eaae519935a385bd2bd835a5750c291165a9f	3b0fa747c787f69f2dfbe8320b8eaae519935a385bd2bd835a5750c291165a9f	
UploadFiles/xwzx/2023/5/202305101512023448.jpg	UploadFiles/xwzx/2023/5/202305101512023448.jpg	2057081	490fe04c5d24ac1ccdde6b27bce89f3940e7e40306c660d0e2ffb078ba09259d	490fe04c5d24ac1ccdde6b27bce89f3940e7e40306c660d0e2ffb078ba09259d	
UploadFiles/xwzx/2023/5/202305101512027701.jpg	UploadFiles/xwzx/2023/5/202305101512027701.jpg	1981785	2e2c837a3852ee1af2b8543e1f408355c6bcc3934c5e6ebe0470fb0d20c15a1c	2e2c837a3852ee1af2b8543e1f408355c6bcc3934c5e6ebe0470fb0d20c15a1c	
UploadFiles/xwzx/2023/5/202305101512037683.jpg	UploadFiles/xwzx/2023/5/202305101512037683.jpg	756968	2d551fa5133f9ba235322b871de4a2212d2c841176904afc4433039b0207a873	2d551fa5133f9ba235322b871de4a2212d2c841176904afc4433039b0207a873	
UploadFiles/xwzx/2023/5/202305101512040126.jpg	UploadFiles/xwzx/2023/5/202305101512040126.jpg	290953	237ba37933bff804a9443f6fa9a8bb7ceb38b538cb6be438aa233f2fc47a5301	237ba37933bff804a9443f6fa9a8bb7ceb38b538cb6be438aa233f2fc47a5301	
UploadFiles/xwzx/2023/5/202305101512044864.jpg	UploadFiles/xwzx/2023/5/202305101512044864.jpg	2372724	762cb2a6c952375d155fe94d174b835c493f179ced0deebf59a493dcc0d62663	762cb2a6c952375d155fe94d174b835c493f179ced0deebf59a493dcc0d62663	
UploadFiles/xwzx/2023/5/202305101535543893.png	UploadFiles/xwzx/2023/5/202305101535543893.png	75555	8585ef9b27a3ee85dc91c3695e0fe17eeca6430de221cef59aa5cae4fa708444	8585ef9b27a3ee85dc91c3695e0fe17eeca6430de221cef59aa5cae4fa708444	
UploadFiles/xwzx/2023/5/202305101537124188.png	UploadFiles/xwzx/2023/5/202305101537124188.png	74078	03bede8b0f6293b92363c9b0bd380644094cf35c3cafb5c10b883c74dff430e2	03bede8b0f6293b92363c9b0bd380644094cf35c3cafb5c10b883c74dff430e2	
UploadFiles/xwzx/2023/5/202305111703454349.png	UploadFiles/xwzx/2023/5/202305111703454349.png	47582	05deda7d75feb3386ef2512b5db4c701b70bd8219ce1d16ecd795b21884fdbaf	05deda7d75feb3386ef2512b5db4c701b70bd8219ce1d16ecd795b21884fdbaf	
UploadFiles/xwzx/2023/5/202305120206291497.png	UploadFiles/xwzx/2023/5/202305120206291497.png	73418	66f9c6bb8e1495fd1c33e56de330a3a3f9ab2198430e72bd92d13de60277ce16	66f9c6bb8e1495fd1c33e56de330a3a3f9ab2198430e72bd92d13de60277ce16	
UploadFiles/xwzx/2023/5/202305151026207370.png	UploadFiles/xwzx/2023/5/202305151026207370.png	15751	c36e1180051536a0c21f1115f35165bc987b0bbe1df7b83179c0e850d2d3cf7d	c36e1180051536a0c21f1115f35165bc987b0bbe1df7b83179c0e850d2d3cf7d	
UploadFiles/xwzx/2023/5/202305151026208067.png	UploadFiles/xwzx/2023/5/202305151026208067.png	14087	eea1b888778843f896bac5149000b016d2e808c62a541b34d4b49c05ace88cea	eea1b888778843f896bac5149000b016d2e808c62a541b34d4b49c05ace88cea	
UploadFiles/xwzx/2023/5/202305151857079969.jpg	UploadFiles/xwzx/2023/5/202305151857079969.jpg	166925	7a921383c699cc42ebe36a6faeac88a992fbcff5d27f5584703806e697f9ad7d	7a921383c699cc42ebe36a6faeac88a992fbcff5d27f5584703806e697f9ad7d	
UploadFiles/xwzx/2023/5/202305151858300304.jpg	UploadFiles/xwzx/2023/5/202305151858300304.jpg	162598	86a3e9d00e3ce670bc6c15a8fbdc11653a77859c6e6f17e95309456c86c3abda	86a3e9d00e3ce670bc6c15a8fbdc11653a77859c6e6f17e95309456c86c3abda	
UploadFiles/xwzx/2023/5/202305151858305273.jpg	UploadFiles/xwzx/2023/5/202305151858305273.jpg	173863	bc813bcab63e3942f73a7ca260f6fd55ee8566e03d61317912ab65f286465309	bc813bcab63e3942f73a7ca260f6fd55ee8566e03d61317912ab65f286465309	
UploadFiles/xwzx/2023/5/202305151858308589.jpg	UploadFiles/xwzx/2023/5/202305151858308589.jpg	179815	6eea2a52c3776bf5b83e5d7acce9955bac85b4e7e19b51074044bd07739e398f	6eea2a52c3776bf5b83e5d7acce9955bac85b4e7e19b51074044bd07739e398f	
UploadFiles/xwzx/2023/5/202305151858308845.jpg	UploadFiles/xwzx/2023/5/202305151858308845.jpg	236122	6bb15afad8816bde6f767a2e1d91a819526ceb7ea88b7a026f35437a28c8866c	6bb15afad8816bde6f767a2e1d91a819526ceb7ea88b7a026f35437a28c8866c	
UploadFiles/xwzx/2023/5/202305162352478315.png	UploadFiles/xwzx/2023/5/202305162352478315.png	73174	e71696a2e2a843dc77bf02f2e3e7ccabff38ce0e27006845498816e4baba5ebe	e71696a2e2a843dc77bf02f2e3e7ccabff38ce0e27006845498816e4baba5ebe	
UploadFiles/xwzx/2023/5/202305162352485164.png	UploadFiles/xwzx/2023/5/202305162352485164.png	73556	12b097d92931439af38bcb75e492dcace9a47cc06cd34727b28ff34f095c3e10	12b097d92931439af38bcb75e492dcace9a47cc06cd34727b28ff34f095c3e10	
UploadFiles/xwzx/2023/5/202305170852521146.jpg	UploadFiles/xwzx/2023/5/202305170852521146.jpg	85462	0e4777464dcd8710b7b6b947154fe28451836c8fb9f274ba8ce2cf96be2796b8	0e4777464dcd8710b7b6b947154fe28451836c8fb9f274ba8ce2cf96be2796b8	
UploadFiles/xwzx/2023/5/202305171053487221.JPG	UploadFiles/xwzx/2023/5/202305171053487221.jpg	5583307	e80aedd0bdd91bcb2ba96703dc17c79c41a3350fb2899dc03fc125ec58cae391	e80aedd0bdd91bcb2ba96703dc17c79c41a3350fb2899dc03fc125ec58cae391	
UploadFiles/xwzx/2023/5/202305171053487525.JPG	UploadFiles/xwzx/2023/5/202305171053487525.jpg	5496889	3d2152067952ecf91504bfeb2312c66b82afa7573bbb4266d8e6a1fd19de60f2	3d2152067952ecf91504bfeb2312c66b82afa7573bbb4266d8e6a1fd19de60f2	
UploadFiles/xwzx/2023/5/202305171053494096.JPG	UploadFiles/xwzx/2023/5/202305171053494096.jpg	6144207	6dd5e077b33b61132f4f73ca30000e2da0d0c0ea95e3174ca7c186883ccd9fb4	6dd5e077b33b61132f4f73ca30000e2da0d0c0ea95e3174ca7c186883ccd9fb4	
UploadFiles/xwzx/2023/5/202305171053494278.JPG	UploadFiles/xwzx/2023/5/202305171053494278.jpg	7858781	6dc11b1ca414e9ebce9b026a6c6ddec60600c76b594ed80a8a414c7433a23144	6dc11b1ca414e9ebce9b026a6c6ddec60600c76b594ed80a8a414c7433a23144	
UploadFiles/xwzx/2023/5/202305171053505034.JPG	UploadFiles/xwzx/2023/5/202305171053505034.jpg	4554812	8395fa76c0526fe7d0d8d53cf4ba013e0cdde5dccd14cdefcc0e995b1089dc22	8395fa76c0526fe7d0d8d53cf4ba013e0cdde5dccd14cdefcc0e995b1089dc22	
UploadFiles/xwzx/2023/5/202305171053505641.JPG	UploadFiles/xwzx/2023/5/202305171053505641.jpg	3705046	b18931a1ff678b3ba9ed8c6f3bbc3f09b0a577f703153247a80197ad6723cc93	b18931a1ff678b3ba9ed8c6f3bbc3f09b0a577f703153247a80197ad6723cc93	
UploadFiles/xwzx/2023/5/202305171053506357.JPG	UploadFiles/xwzx/2023/5/202305171053506357.jpg	7165889	9f2cee98cda37e7423705b9cbde77656bba3185761392dbe18d63f1a56afcaa5	9f2cee98cda37e7423705b9cbde77656bba3185761392dbe18d63f1a56afcaa5	
UploadFiles/xwzx/2023/5/202305171053517485.JPG	UploadFiles/xwzx/2023/5/202305171053517485.jpg	7347749	0a4b2715faa8d180fb305f0bad0c2f82db4bebfced8cf961196946c94e528934	0a4b2715faa8d180fb305f0bad0c2f82db4bebfced8cf961196946c94e528934	
UploadFiles/xwzx/2023/5/202305171053524003.JPG	UploadFiles/xwzx/2023/5/202305171053524003.jpg	5094119	be8fda66f5d0b3c5e9bcb8aef7de9c3df69305887475c74dfa8ce302f2370693	be8fda66f5d0b3c5e9bcb8aef7de9c3df69305887475c74dfa8ce302f2370693	
UploadFiles/xwzx/2023/5/202305171053524536.jpeg	UploadFiles/xwzx/2023/5/202305171053524536.jpeg	6255285	07775761656991d5757b8a2529879dfea213e4a131398f39500b3687531ca0b3	07775761656991d5757b8a2529879dfea213e4a131398f39500b3687531ca0b3	
UploadFiles/xwzx/2023/5/202305171053526905.jpg	UploadFiles/xwzx/2023/5/202305171053526905.jpg	3560183	d4f34fe8b167e89627c6e09b68a034353d74513d33c0f63103f30cf9b4e58819	d4f34fe8b167e89627c6e09b68a034353d74513d33c0f63103f30cf9b4e58819	
UploadFiles/xwzx/2023/5/202305171053527036.JPG	UploadFiles/xwzx/2023/5/202305171053527036.jpg	3763534	75e7e13fc10deb0bffeda93ce21930c21f85f6d44c6439e69b8fcd2a5620d3ce	75e7e13fc10deb0bffeda93ce21930c21f85f6d44c6439e69b8fcd2a5620d3ce	
UploadFiles/xwzx/2023/5/202305171053532763.JPG	UploadFiles/xwzx/2023/5/202305171053532763.jpg	7409423	897073131b2f1bf9c95462b7e7c5ca81f0bfbfe4e09b3df0b8b06b422640a71b	897073131b2f1bf9c95462b7e7c5ca81f0bfbfe4e09b3df0b8b06b422640a71b	
UploadFiles/xwzx/2023/5/202305180233204215.png	UploadFiles/xwzx/2023/5/202305180233204215.png	74019	15aeae69379a5d22c48b0855ac8e50609c8d039e6ff1abc95b4afd7d9e8b5832	15aeae69379a5d22c48b0855ac8e50609c8d039e6ff1abc95b4afd7d9e8b5832	
UploadFiles/xwzx/2023/5/202305181241084613.jpg	UploadFiles/xwzx/2023/5/202305181241084613.jpg	486131	6cc833141d5a9ce306fe3040b36e1607594f0a4cc1d6a676b3d9bd03948a15cb	6cc833141d5a9ce306fe3040b36e1607594f0a4cc1d6a676b3d9bd03948a15cb	
UploadFiles/xwzx/2023/5/202305181639214783.png	UploadFiles/xwzx/2023/5/202305181639214783.png	73233	e2525f48d4c50b64b97c5ddc72c4b6aa16395f7993ac89cf65eb28b17dc20a0f	e2525f48d4c50b64b97c5ddc72c4b6aa16395f7993ac89cf65eb28b17dc20a0f	
UploadFiles/xwzx/2023/5/202305191051443743.png	UploadFiles/xwzx/2023/5/202305191051443743.png	31490	4e016e7e8b1317351330741e001dbd328f92f4270fa07818d813fc4d90c2a5df	4e016e7e8b1317351330741e001dbd328f92f4270fa07818d813fc4d90c2a5df	
UploadFiles/xwzx/2023/5/202305230906155955.JPG	UploadFiles/xwzx/2023/5/202305230906155955.jpg	6366366	8ba7566a8dd9dd731d0d65b9c0467e75427960f2b1d4040219ee020af46e07bf	8ba7566a8dd9dd731d0d65b9c0467e75427960f2b1d4040219ee020af46e07bf	
UploadFiles/xwzx/2023/5/202305230906173838.JPG	UploadFiles/xwzx/2023/5/202305230906173838.jpg	7146462	bc4ba7563b3af6db348f0c5988967355aa5c4afdd72d8d5423a032a00a135b7d	bc4ba7563b3af6db348f0c5988967355aa5c4afdd72d8d5423a032a00a135b7d	
UploadFiles/xwzx/2023/5/202305230906210442.JPG	UploadFiles/xwzx/2023/5/202305230906210442.jpg	6610656	c57395e30d04d63329e95d7fff347f3e68432eecd6fe30fbfe9435d40acbd1e2	c57395e30d04d63329e95d7fff347f3e68432eecd6fe30fbfe9435d40acbd1e2	
UploadFiles/xwzx/2023/5/202305230906270868.JPG	UploadFiles/xwzx/2023/5/202305230906270868.jpg	8173930	37e7e632848ac912bbfb348d7300da4923ca868216b37fc4d735b9ccf55d4a0f	37e7e632848ac912bbfb348d7300da4923ca868216b37fc4d735b9ccf55d4a0f	
UploadFiles/xwzx/2023/5/202305230906311229.JPG	UploadFiles/xwzx/2023/5/202305230906311229.jpg	8493263	4be05d73e1061444397a92c43dc4cac8257e03aab50f9cb4019087ed663eab9a	4be05d73e1061444397a92c43dc4cac8257e03aab50f9cb4019087ed663eab9a	
UploadFiles/xwzx/2023/5/202305230906330819.JPG	UploadFiles/xwzx/2023/5/202305230906330819.jpg	1905241	4dcb4c8ff996609ca3634a031c178ae8466f25ee2d8fc697f11407ecab05c88e	4dcb4c8ff996609ca3634a031c178ae8466f25ee2d8fc697f11407ecab05c88e	
UploadFiles/xwzx/2023/5/202305230906345542.JPG	UploadFiles/xwzx/2023/5/202305230906345542.jpg	1923415	ba5817a577b0f9a728de4ca26d77360f1ef322337f3023fa38fd0b09511a6682	ba5817a577b0f9a728de4ca26d77360f1ef322337f3023fa38fd0b09511a6682	
UploadFiles/xwzx/2023/5/202305230906347643.JPG	UploadFiles/xwzx/2023/5/202305230906347643.jpg	5618202	6d014b1cff8226c168cb1b61401a098814e8fd975ff10244e457aab25a96aae1	6d014b1cff8226c168cb1b61401a098814e8fd975ff10244e457aab25a96aae1	
UploadFiles/xwzx/2023/5/202305230906353337.jpg	UploadFiles/xwzx/2023/5/202305230906353337.jpg	2551202	c6ad0f8b1f5365359e88ea488b8953db07bd60704825cebf4b1a0de3492b2314	c6ad0f8b1f5365359e88ea488b8953db07bd60704825cebf4b1a0de3492b2314	
UploadFiles/xwzx/2023/5/202305230906406837.JPG	UploadFiles/xwzx/2023/5/202305230906406837.jpg	8465771	dddee3dfe66a660289a00468bc9dbcfe9d6c300756023735da4d5f8e1a3d6e44	dddee3dfe66a660289a00468bc9dbcfe9d6c300756023735da4d5f8e1a3d6e44	
UploadFiles/xwzx/2023/5/202305230908369280.png	UploadFiles/xwzx/2023/5/202305230908369280.png	937152	8c79943f29aad6277105c567c461cf33cdeb4bfdbcca9d2c87871c1b1258d57a	8c79943f29aad6277105c567c461cf33cdeb4bfdbcca9d2c87871c1b1258d57a	
UploadFiles/xwzx/2023/5/202305230908371548.png	UploadFiles/xwzx/2023/5/202305230908371548.png	1246896	49a55448895334e6ea3379006af2802b1736ba15af617766f0b0740bdb17c780	49a55448895334e6ea3379006af2802b1736ba15af617766f0b0740bdb17c780	
UploadFiles/xwzx/2023/5/202305230908375380.png	UploadFiles/xwzx/2023/5/202305230908375380.png	1053141	bb540b96963fdf9ad14abf7de4cfd2b48871a69aca20c04983a5c5b3607f1e21	bb540b96963fdf9ad14abf7de4cfd2b48871a69aca20c04983a5c5b3607f1e21	
UploadFiles/xwzx/2023/5/202305230908376457.png	UploadFiles/xwzx/2023/5/202305230908376457.png	760231	60ca4f0c634fd21f6a06110522aca995743e8403f3430fac51df6a93976308b5	60ca4f0c634fd21f6a06110522aca995743e8403f3430fac51df6a93976308b5	
UploadFiles/xwzx/2023/5/202305230908378586.png	UploadFiles/xwzx/2023/5/202305230908378586.png	981248	2f35abadc479b2965dc94e41b572513ef2dffcad5dff8e5f66f4bf54197b1148	2f35abadc479b2965dc94e41b572513ef2dffcad5dff8e5f66f4bf54197b1148	
UploadFiles/xwzx/2023/5/202305231113167526.jpg	UploadFiles/xwzx/2023/5/202305231113167526.jpg	53695	4da81d859d904ab98fbe2335fa8fda27fef8f3fea70d90d350a21cbfbd4cb835	4da81d859d904ab98fbe2335fa8fda27fef8f3fea70d90d350a21cbfbd4cb835	
UploadFiles/xwzx/2023/5/202305231758182659.jpg	UploadFiles/xwzx/2023/5/202305231758182659.jpg	295513	f736626514fc5799e9e6acd9f7fb33a7c4ee58d3bc28ddac1ae41e7967faac20	f736626514fc5799e9e6acd9f7fb33a7c4ee58d3bc28ddac1ae41e7967faac20	
UploadFiles/xwzx/2023/5/202305231758186863.jpg	UploadFiles/xwzx/2023/5/202305231758186863.jpg	241841	6a76b00bf8cf0d3f56d0e1b2b08937964df00c3a8076e556d187915868342245	6a76b00bf8cf0d3f56d0e1b2b08937964df00c3a8076e556d187915868342245	
UploadFiles/xwzx/2023/5/202305231758188471.jpg	UploadFiles/xwzx/2023/5/202305231758188471.jpg	277712	cb90b06e88dd481b9c06204ef05fa8fa5891d52a3f79c6b4d00acf86afd2de07	cb90b06e88dd481b9c06204ef05fa8fa5891d52a3f79c6b4d00acf86afd2de07	
UploadFiles/xwzx/2023/5/202305231758189415.jpg	UploadFiles/xwzx/2023/5/202305231758189415.jpg	220934	49b13844169b0bc61305d54534fa9f8d7909ca25960ef7b547fd465987670db2	49b13844169b0bc61305d54534fa9f8d7909ca25960ef7b547fd465987670db2	
UploadFiles/xwzx/2023/5/202305231758190505.jpg	UploadFiles/xwzx/2023/5/202305231758190505.jpg	169480	cc5aba37d6dfb53272fbeb986b60559e712ac519db3247ac10f2ca29ee4cb061	cc5aba37d6dfb53272fbeb986b60559e712ac519db3247ac10f2ca29ee4cb061	
UploadFiles/xwzx/2023/5/202305231758197742.jpg	UploadFiles/xwzx/2023/5/202305231758197742.jpg	191980	87f4ad47b65f852a7f35f240260ce25fab29e5734a9ad926b6a344fe6e71665d	87f4ad47b65f852a7f35f240260ce25fab29e5734a9ad926b6a344fe6e71665d	
UploadFiles/xwzx/2023/5/202305231914285845.png	UploadFiles/xwzx/2023/5/202305231914285845.png	12527	28f9e58d8aaff7922ee552a25fd13aaa45a10683bcfb73993f85ac3d3f16b1d4	28f9e58d8aaff7922ee552a25fd13aaa45a10683bcfb73993f85ac3d3f16b1d4	
UploadFiles/xwzx/2023/5/202305231956503845.png	UploadFiles/xwzx/2023/5/202305231956503845.png	72988	fe869ee03cbafa0aa427fc6a632ac5aaf10088f2c22571605c91d84570c61d93	fe869ee03cbafa0aa427fc6a632ac5aaf10088f2c22571605c91d84570c61d93	
UploadFiles/xwzx/2023/5/202305240819470988.png	UploadFiles/xwzx/2023/5/202305240819470988.png	12898	f3a2301caf05b2c53d4ae78b5c340fb6b5448f2fe786ec02589cd60d593f6202	f3a2301caf05b2c53d4ae78b5c340fb6b5448f2fe786ec02589cd60d593f6202	
UploadFiles/xwzx/2023/5/202305240904281203.jpg	UploadFiles/xwzx/2023/5/202305240904281203.jpg	232819	4b5492fb48e1823699b7b17f96f6469fdb3133b6c5e3d03d7fb6a2b21b7f3b6c	4b5492fb48e1823699b7b17f96f6469fdb3133b6c5e3d03d7fb6a2b21b7f3b6c	
UploadFiles/xwzx/2023/5/202305240904282004.jpg	UploadFiles/xwzx/2023/5/202305240904282004.jpg	253413	2eda225a7020ccffb3eb5e08395df4119107fc66c035eb2528073795f3215708	2eda225a7020ccffb3eb5e08395df4119107fc66c035eb2528073795f3215708	
UploadFiles/xwzx/2023/5/202305240904289590.jpg	UploadFiles/xwzx/2023/5/202305240904289590.jpg	244820	730b2a1b6462a6285c965d5ab455994bb18f605336f9b74f48a34d377a3bf8ec	730b2a1b6462a6285c965d5ab455994bb18f605336f9b74f48a34d377a3bf8ec	
UploadFiles/xwzx/2023/5/202305240904510404.jpg	UploadFiles/xwzx/2023/5/202305240904510404.jpg	3106078	e58a3bd3feede382681df7b8f10d3e900e411d40bce38e7facf874c568a86aa0	e58a3bd3feede382681df7b8f10d3e900e411d40bce38e7facf874c568a86aa0	
UploadFiles/xwzx/2023/5/202305240904532374.JPG	UploadFiles/xwzx/2023/5/202305240904532374.jpg	4953189	0395748be3e93be1d9b4b27750a9c525a692bc3a2fda36fb18d34f2694cd4514	0395748be3e93be1d9b4b27750a9c525a692bc3a2fda36fb18d34f2694cd4514	
UploadFiles/xwzx/2023/5/202305240904594801.JPG	UploadFiles/xwzx/2023/5/202305240904594801.jpg	8086397	3544e7962badb0e3a6877233744f211eb5928b73b59ffa903d525069bd621182	3544e7962badb0e3a6877233744f211eb5928b73b59ffa903d525069bd621182	
UploadFiles/xwzx/2023/5/202305240905004401.JPG	UploadFiles/xwzx/2023/5/202305240905004401.jpg	8868755	f0c38685bc73c450876e06de6adb1a5464058ed757627b0945d14aae13225f4f	f0c38685bc73c450876e06de6adb1a5464058ed757627b0945d14aae13225f4f	
UploadFiles/xwzx/2023/5/202305240905009814.JPG	UploadFiles/xwzx/2023/5/202305240905009814.jpg	8377022	3cc8744b345abef87f8a735e691002afd0bceb53b86d11ca22350800b9fa8152	3cc8744b345abef87f8a735e691002afd0bceb53b86d11ca22350800b9fa8152	
UploadFiles/xwzx/2023/5/202305240905082210.JPG	UploadFiles/xwzx/2023/5/202305240905082210.jpg	10338160	dba35df37f15562122a40fd3a935974b59a5df967aa5d3ebbcfd480d85b18f4f	dba35df37f15562122a40fd3a935974b59a5df967aa5d3ebbcfd480d85b18f4f	
UploadFiles/xwzx/2023/5/202305240905149046.JPG	UploadFiles/xwzx/2023/5/202305240905149046.jpg	12830951	1b48b4ef304d1c5651546a5a1abc99fd531449ed5378968d6cf416b2094fe2bc	1b48b4ef304d1c5651546a5a1abc99fd531449ed5378968d6cf416b2094fe2bc	
UploadFiles/xwzx/2023/5/202305240905175491.JPG	UploadFiles/xwzx/2023/5/202305240905175491.jpg	13582827	6c079a7c92e5679ff359494eadeccb8f5b96f9ba856693a6da3829814730d63b	6c079a7c92e5679ff359494eadeccb8f5b96f9ba856693a6da3829814730d63b	
UploadFiles/xwzx/2023/5/202305240905191603.jpeg	UploadFiles/xwzx/2023/5/202305240905191603.jpeg	5930852	7c3ef661633ba9b78c80b63fcc0269d7b2f60da5cdce4e05fe70c757faf1812f	7c3ef661633ba9b78c80b63fcc0269d7b2f60da5cdce4e05fe70c757faf1812f	
UploadFiles/xwzx/2023/5/202305240905192927.jpeg	UploadFiles/xwzx/2023/5/202305240905192927.jpeg	1953349	8abcc0227707ca4b3ebdcd41044888aad7b46eda09c3290ab7e6662d3e0bd0c5	8abcc0227707ca4b3ebdcd41044888aad7b46eda09c3290ab7e6662d3e0bd0c5	
UploadFiles/xwzx/2023/5/202305240905212943.jpeg	UploadFiles/xwzx/2023/5/202305240905212943.jpeg	2641251	b218c4cf496f1fd8d57f9b5e0ab85171e1ba17b4ac509d512e4ab07f801f4559	b218c4cf496f1fd8d57f9b5e0ab85171e1ba17b4ac509d512e4ab07f801f4559	
UploadFiles/xwzx/2023/5/202305240905214022.jpeg	UploadFiles/xwzx/2023/5/202305240905214022.jpeg	2413581	bf0f1222535db9da9083a2cd85f4de4ad514b618052a69fa9ddc1cd017793138	bf0f1222535db9da9083a2cd85f4de4ad514b618052a69fa9ddc1cd017793138	
UploadFiles/xwzx/2023/5/202305240905238595.jpeg	UploadFiles/xwzx/2023/5/202305240905238595.jpeg	1683257	0b03f282665516493abb9604594bc9e19fc10571a7f532c65e0790b5d822fabc	0b03f282665516493abb9604594bc9e19fc10571a7f532c65e0790b5d822fabc	
UploadFiles/xwzx/2023/5/202305240905243951.JPG	UploadFiles/xwzx/2023/5/202305240905243951.jpg	11815681	317133eb12c2a1580007b8b10011572eb6ae0c28ac7c50666f8039ef92bbbc2c	317133eb12c2a1580007b8b10011572eb6ae0c28ac7c50666f8039ef92bbbc2c	
UploadFiles/xwzx/2023/5/202305240905245888.jpeg	UploadFiles/xwzx/2023/5/202305240905245888.jpeg	3149512	7e3ffcb80f622294513dad3f5dac2c0a580e454cedcd19ad5c02aee33c03df80	7e3ffcb80f622294513dad3f5dac2c0a580e454cedcd19ad5c02aee33c03df80	
UploadFiles/xwzx/2023/5/202305240905249080.jpeg	UploadFiles/xwzx/2023/5/202305240905249080.jpeg	1926425	95a4572c5d552a6d6273806174c2805310b3eb28a96b25c3a69d0a4c1430d431	95a4572c5d552a6d6273806174c2805310b3eb28a96b25c3a69d0a4c1430d431	
UploadFiles/xwzx/2023/5/202305240905289892.jpeg	UploadFiles/xwzx/2023/5/202305240905289892.jpeg	5030769	3d3ad835b88959241c5b9b940b47bc4645e388a55adf28321290289d3f2a6e60	3d3ad835b88959241c5b9b940b47bc4645e388a55adf28321290289d3f2a6e60	
UploadFiles/xwzx/2023/5/202305240905298815.jpeg	UploadFiles/xwzx/2023/5/202305240905298815.jpeg	5303811	050885aa696a90febe1c951123e36a8a64db8c627586c4e31ebbd1b1f8655b11	050885aa696a90febe1c951123e36a8a64db8c627586c4e31ebbd1b1f8655b11	
UploadFiles/xwzx/2023/5/202305240905311361.jpeg	UploadFiles/xwzx/2023/5/202305240905311361.jpeg	3231748	c8b370c6b18d5033187520a3b52a6932f9951ca255b2b3de87d54fb94eeeff55	c8b370c6b18d5033187520a3b52a6932f9951ca255b2b3de87d54fb94eeeff55	
UploadFiles/xwzx/2023/5/202305240905329889.jpeg	UploadFiles/xwzx/2023/5/202305240905329889.jpeg	4247620	b345f4509a88f12bafaecd830f0861a9e0018f839116d506a85a5776d2705519	b345f4509a88f12bafaecd830f0861a9e0018f839116d506a85a5776d2705519	
UploadFiles/xwzx/2023/5/202305240905366089.jpeg	UploadFiles/xwzx/2023/5/202305240905366089.jpeg	6467415	822ac832a35357fcbc91ef84d4c7a120e89dee9e532c1a2b7b85c56029f7fca4	822ac832a35357fcbc91ef84d4c7a120e89dee9e532c1a2b7b85c56029f7fca4	
UploadFiles/xwzx/2023/5/202305240905374362.jpeg	UploadFiles/xwzx/2023/5/202305240905374362.jpeg	6923697	260a371df18019602731c1f76f0f604f41e9ec5b649f76670cefc426730fd9ba	260a371df18019602731c1f76f0f604f41e9ec5b649f76670cefc426730fd9ba	
UploadFiles/xwzx/2023/5/202305240905388293.jpeg	UploadFiles/xwzx/2023/5/202305240905388293.jpeg	3735392	0aac94bdb91365f0f1d1643629a78116a6146064158ed4a45583f4c3386dbacb	0aac94bdb91365f0f1d1643629a78116a6146064158ed4a45583f4c3386dbacb	
UploadFiles/xwzx/2023/5/202305240907502233.jpg	UploadFiles/xwzx/2023/5/202305240907502233.jpg	329302	bc141f5bafd5acc91bb57335bd2c8f16c4ab58da91bed450da94ab59ac5f18bb	bc141f5bafd5acc91bb57335bd2c8f16c4ab58da91bed450da94ab59ac5f18bb	
UploadFiles/xwzx/2023/5/202305240907503084.jpg	UploadFiles/xwzx/2023/5/202305240907503084.jpg	289761	4a2a7ba64d8557548b8ffcd91a621695fbbb3f2454ea67343304e5ace76a4d6e	4a2a7ba64d8557548b8ffcd91a621695fbbb3f2454ea67343304e5ace76a4d6e	
UploadFiles/xwzx/2023/5/202305240907509150.jpg	UploadFiles/xwzx/2023/5/202305240907509150.jpg	227193	3675b5343685a2c78f6bff1cd4aa4b2018ffccbb89b615b977c593a937527d8d	3675b5343685a2c78f6bff1cd4aa4b2018ffccbb89b615b977c593a937527d8d	
UploadFiles/xwzx/2023/5/202305240907510558.jpg	UploadFiles/xwzx/2023/5/202305240907510558.jpg	246745	0c0d958e46b0782b3ee20bfa6ceec235220b213fe1b8528a3132af969560aa45	0c0d958e46b0782b3ee20bfa6ceec235220b213fe1b8528a3132af969560aa45	
UploadFiles/xwzx/2023/5/202305240907511785.jpg	UploadFiles/xwzx/2023/5/202305240907511785.jpg	543330	3f3c9a6686d3b1990befcd209364a31044929a5433ab9b5ab589bfe98e205bc0	3f3c9a6686d3b1990befcd209364a31044929a5433ab9b5ab589bfe98e205bc0	
UploadFiles/xwzx/2023/5/202305240907512635.jpg	UploadFiles/xwzx/2023/5/202305240907512635.jpg	273874	a93c58925922ca0c133e11b503028ea4d88bbc7baa4f903046f89da08cb99ac3	a93c58925922ca0c133e11b503028ea4d88bbc7baa4f903046f89da08cb99ac3	
UploadFiles/xwzx/2023/5/202305240907512865.jpg	UploadFiles/xwzx/2023/5/202305240907512865.jpg	295167	9d60531f809246555a6ca4b9a03d81f2b3a2a5ed1a141420c0e5ac6de172966f	9d60531f809246555a6ca4b9a03d81f2b3a2a5ed1a141420c0e5ac6de172966f	
UploadFiles/xwzx/2023/5/202305240907513432.jpg	UploadFiles/xwzx/2023/5/202305240907513432.jpg	310927	7ded1f0360ff8059ae3aa9cd91eac901d69ce94c87af70f1fd2e204264e79abc	7ded1f0360ff8059ae3aa9cd91eac901d69ce94c87af70f1fd2e204264e79abc	
UploadFiles/xwzx/2023/5/202305240909198811.jpg	UploadFiles/xwzx/2023/5/202305240909198811.jpg	256871	3f76e449b24e608b6e26ab78938f2368fce270dacd2f88620823e03822583d89	3f76e449b24e608b6e26ab78938f2368fce270dacd2f88620823e03822583d89	
UploadFiles/xwzx/2023/5/202305240909545286.jpg	UploadFiles/xwzx/2023/5/202305240909545286.jpg	464269	f9a8f4a7c46d11917f020f661c680f0af036e9d63361026e8cd26fcb884d923c	f9a8f4a7c46d11917f020f661c680f0af036e9d63361026e8cd26fcb884d923c	
UploadFiles/xwzx/2023/5/202305240910165404.jpg	UploadFiles/xwzx/2023/5/202305240910165404.jpg	295668	a8a618ca1a60bd62a5994fde5fa6fd9188fa0d363d0f4bdd4b92f0c889ffb7ab	a8a618ca1a60bd62a5994fde5fa6fd9188fa0d363d0f4bdd4b92f0c889ffb7ab	
UploadFiles/xwzx/2023/5/202305240910385759.jpg	UploadFiles/xwzx/2023/5/202305240910385759.jpg	227615	723240a6408fefdca73303dc401c84f84687ba7c28b300b8b586030373eb79b1	723240a6408fefdca73303dc401c84f84687ba7c28b300b8b586030373eb79b1	
UploadFiles/xwzx/2023/5/202305250838483528.png	UploadFiles/xwzx/2023/5/202305250838483528.png	1323529	b3e0a9bc2ade71a15c87cc624f9fe9d89514738ee546ee38e50c1f95c2ee13d9	b3e0a9bc2ade71a15c87cc624f9fe9d89514738ee546ee38e50c1f95c2ee13d9	
UploadFiles/xwzx/2023/5/202305250841326887.jpg	UploadFiles/xwzx/2023/5/202305250841326887.jpg	1761256	0da911b308411485509f4aab160ce7b5993703edb484a4a08631a2567503a96f	0da911b308411485509f4aab160ce7b5993703edb484a4a08631a2567503a96f	
UploadFiles/xwzx/2023/5/202305250841335440.jpg	UploadFiles/xwzx/2023/5/202305250841335440.jpg	2327538	697bf437e8e97af439ea56cf563ed743136cd96f19bcc6531b88f45b98b04520	697bf437e8e97af439ea56cf563ed743136cd96f19bcc6531b88f45b98b04520	
UploadFiles/xwzx/2023/5/202305250841342960.jpg	UploadFiles/xwzx/2023/5/202305250841342960.jpg	1665697	3c20c799b7098eb48ee5673e0cd8d2268f37893d3ee4d0509610da60315c12cc	3c20c799b7098eb48ee5673e0cd8d2268f37893d3ee4d0509610da60315c12cc	
UploadFiles/xwzx/2023/5/202305250841344154.jpg	UploadFiles/xwzx/2023/5/202305250841344154.jpg	1516642	c1cf905e2b7b0a8f9a68548ebdf5fd69b91673b56db99786427334fe34c5902e	c1cf905e2b7b0a8f9a68548ebdf5fd69b91673b56db99786427334fe34c5902e	
UploadFiles/xwzx/2023/5/202305250841500903.jpg	UploadFiles/xwzx/2023/5/202305250841500903.jpg	222829	e4bd8c1c24ef365fd9c39bc41b4b58699469ed5b054f5ad05acd9af2229d6b55	e4bd8c1c24ef365fd9c39bc41b4b58699469ed5b054f5ad05acd9af2229d6b55	
UploadFiles/xwzx/2023/5/202305250841513126.jpg	UploadFiles/xwzx/2023/5/202305250841513126.jpg	222048	796bdfa640eec07e2c133ad0019af8e3129c11c195233a637450d37ecc404966	796bdfa640eec07e2c133ad0019af8e3129c11c195233a637450d37ecc404966	
UploadFiles/xwzx/2023/5/202305250842081142.jpg	UploadFiles/xwzx/2023/5/202305250842081142.jpg	255790	03906a53142ba94a7580e2fb67389fc02e6cb724dcc5514f46a3e129ae880a00	03906a53142ba94a7580e2fb67389fc02e6cb724dcc5514f46a3e129ae880a00	
UploadFiles/xwzx/2023/5/202305250842086759.JPG	UploadFiles/xwzx/2023/5/202305250842086759.jpg	926385	40729d8235b16c77ad74c37a89622d0599e3bd69af0411bf299b9a6c1429ee20	40729d8235b16c77ad74c37a89622d0599e3bd69af0411bf299b9a6c1429ee20	
UploadFiles/xwzx/2023/5/202305250842088958.jpg	UploadFiles/xwzx/2023/5/202305250842088958.jpg	275598	3ccdb6b8291fed87dd44fb169a963bfd033e0f515552d3caa774b12ca8faf2fb	3ccdb6b8291fed87dd44fb169a963bfd033e0f515552d3caa774b12ca8faf2fb	
UploadFiles/xwzx/2023/5/202305251657522837.png	UploadFiles/xwzx/2023/5/202305251657522837.png	46314	28ed99d72ae02dbfaa21ee01514b813f636a9755630ceecf6c888ba77c4d7901	28ed99d72ae02dbfaa21ee01514b813f636a9755630ceecf6c888ba77c4d7901	
UploadFiles/xwzx/2023/5/202305251657572370.jpg	UploadFiles/xwzx/2023/5/202305251657572370.jpg	11929917	546e420fa09b49f3dbe53d9b561e7f5ada41fd0d49512c04fb3a35007fc78615	546e420fa09b49f3dbe53d9b561e7f5ada41fd0d49512c04fb3a35007fc78615	
UploadFiles/xwzx/2023/5/202305251659097887.jpg	UploadFiles/xwzx/2023/5/202305251659097887.jpg	253867	4a938896f98dfa314e7dc7e033455077fa1e88724cdefce8337ea516e3cce940	4a938896f98dfa314e7dc7e033455077fa1e88724cdefce8337ea516e3cce940	
UploadFiles/xwzx/2023/5/202305260058347318.png	UploadFiles/xwzx/2023/5/202305260058347318.png	72945	1c411397bed5a5c3409cb21c9371b3632883dadd315dacafc481ffee437d4899	1c411397bed5a5c3409cb21c9371b3632883dadd315dacafc481ffee437d4899	
UploadFiles/xwzx/2023/5/202305260058590080.png	UploadFiles/xwzx/2023/5/202305260058590080.png	73325	8cb86982ae50091d35ec6759174e6deba00c8eb2208512b20e63759d8f33a5f4	8cb86982ae50091d35ec6759174e6deba00c8eb2208512b20e63759d8f33a5f4	
UploadFiles/xwzx/2023/5/202305261510380117.png	UploadFiles/xwzx/2023/5/202305261510380117.png	66256	e0f8385987262e57e08a1aa5296f1a77e8f8d7be8986b30de8ed72300b9a3378	e0f8385987262e57e08a1aa5296f1a77e8f8d7be8986b30de8ed72300b9a3378	
UploadFiles/xwzx/2023/5/202305270911483256.png	UploadFiles/xwzx/2023/5/202305270911483256.png	91333	fd4424a48c386db65bf1591e072db6372b8717de74c7cfe73f0ed46276034557	fd4424a48c386db65bf1591e072db6372b8717de74c7cfe73f0ed46276034557	
UploadFiles/xwzx/2023/5/202305270913233120.png	UploadFiles/xwzx/2023/5/202305270913233120.png	61681	a6a69a18d5232e49a50d4d959303ed899e0dad043b61d3b8ba32a71777bb3b43	a6a69a18d5232e49a50d4d959303ed899e0dad043b61d3b8ba32a71777bb3b43	
UploadFiles/xwzx/2023/5/202305270915112224.png	UploadFiles/xwzx/2023/5/202305270915112224.png	33492	6a6647f8ef648fd73c84a7e31fc72757ce1cc828f4836f820315986b6ac90493	6a6647f8ef648fd73c84a7e31fc72757ce1cc828f4836f820315986b6ac90493	
UploadFiles/xwzx/2023/5/202305290850271729.png	UploadFiles/xwzx/2023/5/202305290850271729.png	31835	780a7ae443cc795be2406980de59b09177db401949c4452ad1e3cd95ac061c05	780a7ae443cc795be2406980de59b09177db401949c4452ad1e3cd95ac061c05	
UploadFiles/xwzx/2023/5/202305290854118993.png	UploadFiles/xwzx/2023/5/202305290854118993.png	73189	614271738e922ee8c0a71d1f0589a2ac504a1ac1459a2d52ab23650a1de4a1ae	614271738e922ee8c0a71d1f0589a2ac504a1ac1459a2d52ab23650a1de4a1ae	
UploadFiles/xwzx/2023/5/202305290856027737.png	UploadFiles/xwzx/2023/5/202305290856027737.png	73745	1cd5bb897f286b245c3e78c2242972fc5b54b9424a2a653948a6c2202b4692a5	1cd5bb897f286b245c3e78c2242972fc5b54b9424a2a653948a6c2202b4692a5	
UploadFiles/xwzx/2023/5/202305291031020593.png	UploadFiles/xwzx/2023/5/202305291031020593.png	32491	d9fa480104e5b847ba851a9017ab571aa5b0d121536090df19282e1eebe0b4a7	d9fa480104e5b847ba851a9017ab571aa5b0d121536090df19282e1eebe0b4a7	
UploadFiles/xwzx/2023/5/202305300822280387.jpg	UploadFiles/xwzx/2023/5/202305300822280387.jpg	122408	1dccbe47557dace1fc1ca1a7d4bf1125fb86b48df9046b3171702067020a5e04	1dccbe47557dace1fc1ca1a7d4bf1125fb86b48df9046b3171702067020a5e04	
UploadFiles/xwzx/2023/5/202305300822299453.JPG	UploadFiles/xwzx/2023/5/202305300822299453.jpg	418651	6de979d6acfdc18bd1f344141c8f5116a61df3ae2c4e1b2d198e825c1ef1aa43	6de979d6acfdc18bd1f344141c8f5116a61df3ae2c4e1b2d198e825c1ef1aa43	
UploadFiles/xwzx/2023/5/202305300822313364.jpg	UploadFiles/xwzx/2023/5/202305300822313364.jpg	4648308	67789049c3be60e9d84b2fe42a938b9ef848c8a04a84b26e076e2bfd4532a366	67789049c3be60e9d84b2fe42a938b9ef848c8a04a84b26e076e2bfd4532a366	
UploadFiles/xwzx/2023/5/202305300822318408.jpg	UploadFiles/xwzx/2023/5/202305300822318408.jpg	1354249	7cd29b71cc5b6d98057d60d20115535d16d1864f74c1791a253d1f6759576cbe	7cd29b71cc5b6d98057d60d20115535d16d1864f74c1791a253d1f6759576cbe	
UploadFiles/xwzx/2023/5/202305300823199712.jpg	UploadFiles/xwzx/2023/5/202305300823199712.jpg	2175173	20da5226093a1e63bfab2a10bcb0462c1680911cdebc82d5f9545640fc7691c2	20da5226093a1e63bfab2a10bcb0462c1680911cdebc82d5f9545640fc7691c2	
UploadFiles/xwzx/2023/5/202305300823216515.jpg	UploadFiles/xwzx/2023/5/202305300823216515.jpg	4401659	1f53f98da6f439074ae92d6ce4ac7885b746f9e26dc6032ae110c884d532e7b5	1f53f98da6f439074ae92d6ce4ac7885b746f9e26dc6032ae110c884d532e7b5	
UploadFiles/xwzx/2023/5/202305300823249521.jpg	UploadFiles/xwzx/2023/5/202305300823249521.jpg	4026031	9a2b2ef69d98425be3dc9077fda1caa6e4bd4195f266e55e8291b5340efd91b5	9a2b2ef69d98425be3dc9077fda1caa6e4bd4195f266e55e8291b5340efd91b5	
UploadFiles/xwzx/2023/5/202305300823261587.jpg	UploadFiles/xwzx/2023/5/202305300823261587.jpg	4249497	c8a8c6820e2bfbfa1a7305590cd42407654337f89f8680393f264d6db1529aed	c8a8c6820e2bfbfa1a7305590cd42407654337f89f8680393f264d6db1529aed	
UploadFiles/xwzx/2023/5/202305300823273063.jpg	UploadFiles/xwzx/2023/5/202305300823273063.jpg	2383819	ad4611a55662968865111633986024a91313d0383dff5d1a5625721852bf44b9	ad4611a55662968865111633986024a91313d0383dff5d1a5625721852bf44b9	
UploadFiles/xwzx/2023/5/202305300823304028.jpg	UploadFiles/xwzx/2023/5/202305300823304028.jpg	5219102	4a82d1b82a057abfe59b7231e8f8c55a0117639e47306f329a90af7ae24ceed4	4a82d1b82a057abfe59b7231e8f8c55a0117639e47306f329a90af7ae24ceed4	
UploadFiles/xwzx/2023/5/202305300823314423.jpg	UploadFiles/xwzx/2023/5/202305300823314423.jpg	353728	7442328a811ad0c64e07532cc9afdbc6fe3c1b5bc75dde275e655e8daeddd95f	7442328a811ad0c64e07532cc9afdbc6fe3c1b5bc75dde275e655e8daeddd95f	
UploadFiles/xwzx/2023/5/202305300823322004.jpg	UploadFiles/xwzx/2023/5/202305300823322004.jpg	3719881	e57699a39caed877d952e391febae4644dc1f7390f7f805f618c9277f07f71ed	e57699a39caed877d952e391febae4644dc1f7390f7f805f618c9277f07f71ed	
UploadFiles/xwzx/2023/5/202305300823325191.jpg	UploadFiles/xwzx/2023/5/202305300823325191.jpg	4857057	7941847aa7aa4a63403b0607fc27429f2fc79ebd8c1c80412332db4e57d16123	7941847aa7aa4a63403b0607fc27429f2fc79ebd8c1c80412332db4e57d16123	
UploadFiles/xwzx/2023/5/202305300823351344.jpg	UploadFiles/xwzx/2023/5/202305300823351344.jpg	1607272	98d243399ce92c067bcaad361c99592fc190bda1aa0a6e9d5a5d8d0f8b107dc6	98d243399ce92c067bcaad361c99592fc190bda1aa0a6e9d5a5d8d0f8b107dc6	
UploadFiles/xwzx/2023/5/202305300823352384.jpg	UploadFiles/xwzx/2023/5/202305300823352384.jpg	4313567	905ce302fc04e52bc0912bd4e950466a6d2d53d218f00867a274789cfdf32105	905ce302fc04e52bc0912bd4e950466a6d2d53d218f00867a274789cfdf32105	
UploadFiles/xwzx/2023/5/202305300823392422.jpg	UploadFiles/xwzx/2023/5/202305300823392422.jpg	4573846	710b395b836fdf0ac8cd5109e1c26a4c66a7b710c8f155028e5e2d694ff5eac6	710b395b836fdf0ac8cd5109e1c26a4c66a7b710c8f155028e5e2d694ff5eac6	
UploadFiles/xwzx/2023/5/202305300823435352.jpg	UploadFiles/xwzx/2023/5/202305300823435352.jpg	4518135	a35cdf1ada54474ee1d5e46cb8ebc0a7c36a7c4cf4dde0bb8edc900d964a66d4	a35cdf1ada54474ee1d5e46cb8ebc0a7c36a7c4cf4dde0bb8edc900d964a66d4	
UploadFiles/xwzx/2023/5/202305300823464272.jpg	UploadFiles/xwzx/2023/5/202305300823464272.jpg	1906575	a60befd1040ae2f066a5ab92a972aa74923c64c15527af25902e3e6ca92ef991	a60befd1040ae2f066a5ab92a972aa74923c64c15527af25902e3e6ca92ef991	
UploadFiles/xwzx/2023/5/202305300823467398.jpg	UploadFiles/xwzx/2023/5/202305300823467398.jpg	4343369	17368497805c074bc5a67ddc0f9de53cc9f3c78d53726ef557a5473ed19f6141	17368497805c074bc5a67ddc0f9de53cc9f3c78d53726ef557a5473ed19f6141	
UploadFiles/xwzx/2023/5/202305300823483839.jpg	UploadFiles/xwzx/2023/5/202305300823483839.jpg	2465581	91f107c7713536c9bb600b15f962c3b2696f9eaf5f41ff29c6367b48a3eba81d	91f107c7713536c9bb600b15f962c3b2696f9eaf5f41ff29c6367b48a3eba81d	
UploadFiles/xwzx/2023/5/202305300823484759.jpg	UploadFiles/xwzx/2023/5/202305300823484759.jpg	4325977	b631e773a9db21b352e229dddfc96e852c5d844afb7c808f79215e8085c571e0	b631e773a9db21b352e229dddfc96e852c5d844afb7c808f79215e8085c571e0	
UploadFiles/xwzx/2023/5/202305300823496669.jpg	UploadFiles/xwzx/2023/5/202305300823496669.jpg	1283973	74d4e73fc33b33c8aca4b508deec2eb36836f9ba946360e77fdada5480a5ed09	74d4e73fc33b33c8aca4b508deec2eb36836f9ba946360e77fdada5480a5ed09	
UploadFiles/xwzx/2023/5/202305300823506211.jpg	UploadFiles/xwzx/2023/5/202305300823506211.jpg	1725563	f7faf18322e2fea13175db72db263c9048ca3a37b8615904fd8274d8e6646054	f7faf18322e2fea13175db72db263c9048ca3a37b8615904fd8274d8e6646054	
UploadFiles/xwzx/2023/5/202305300823511979.jpg	UploadFiles/xwzx/2023/5/202305300823511979.jpg	1294883	44d7186aecfc56f2ee68a21e7db93b0e64b95fcbd6ebcf78bd7c517890c85cd2	44d7186aecfc56f2ee68a21e7db93b0e64b95fcbd6ebcf78bd7c517890c85cd2	
UploadFiles/xwzx/2023/5/202305300823512860.jpg	UploadFiles/xwzx/2023/5/202305300823512860.jpg	1890165	aad8ee5bac7f1a9395f57d53c28d4a0ea82e167f40273912f80f44defa5a76fc	aad8ee5bac7f1a9395f57d53c28d4a0ea82e167f40273912f80f44defa5a76fc	
UploadFiles/xwzx/2023/5/202305300823524872.jpg	UploadFiles/xwzx/2023/5/202305300823524872.jpg	1118238	780b2a6841273f273cee269c3d79dafacbb4b59f0ce3ff9fe780a4b818d41ab2	780b2a6841273f273cee269c3d79dafacbb4b59f0ce3ff9fe780a4b818d41ab2	
UploadFiles/xwzx/2023/5/202305300823531078.png	UploadFiles/xwzx/2023/5/202305300823531078.png	318555	16e85c4710acdbccca8dc25273eedd8dc47943a2a066144f12fda6fdaa6bf301	16e85c4710acdbccca8dc25273eedd8dc47943a2a066144f12fda6fdaa6bf301	
UploadFiles/xwzx/2023/5/202305300823535213.jpg	UploadFiles/xwzx/2023/5/202305300823535213.jpg	1625764	07ce8830639d1d068146717f27479daf0999ab27768583ee1d1872858033c7b0	07ce8830639d1d068146717f27479daf0999ab27768583ee1d1872858033c7b0	
UploadFiles/xwzx/2023/5/202305300823549894.jpg	UploadFiles/xwzx/2023/5/202305300823549894.jpg	1535532	4b2e771b34f79f2f13ee7fad5a390a78ffe434d893dce75ab2608845906c8f72	4b2e771b34f79f2f13ee7fad5a390a78ffe434d893dce75ab2608845906c8f72	
UploadFiles/xwzx/2023/5/202305310811517180.png	UploadFiles/xwzx/2023/5/202305310811517180.png	73274	83789ec5961e7c6e51898648b67148f801112ddd0d8acfe4b7feae628432b975	83789ec5961e7c6e51898648b67148f801112ddd0d8acfe4b7feae628432b975	
UploadFiles/xwzx/2023/5/202305310921241874.png	UploadFiles/xwzx/2023/5/202305310921241874.png	15083	7af9fe9e7038074c2e7f48e1c095d803e343d7c79fdf8baeef47457e67338cdb	7af9fe9e7038074c2e7f48e1c095d803e343d7c79fdf8baeef47457e67338cdb	
UploadFiles/xwzx/2023/5/202305311714598511.png	UploadFiles/xwzx/2023/5/202305311714598511.png	209805	1ac91bb210ff52b9d0db44b05a0741fbb0ea09c51a821e96f3e286a0d4f83f30	1ac91bb210ff52b9d0db44b05a0741fbb0ea09c51a821e96f3e286a0d4f83f30	
UploadFiles/xwzx/2023/6/202306010222265697.png	UploadFiles/xwzx/2023/6/202306010222265697.png	74581	5d0a209d84ce2c62f2a2d268dbad554dc70fbb7971dc5b3a5bb1a5cde5c415d6	5d0a209d84ce2c62f2a2d268dbad554dc70fbb7971dc5b3a5bb1a5cde5c415d6	
UploadFiles/xwzx/2023/6/202306011413486606.png	UploadFiles/xwzx/2023/6/202306011413486606.png	73252	8e6c5a427d19ad6c19de889a137e3d59f352e913156959ba547c7ca84de65592	8e6c5a427d19ad6c19de889a137e3d59f352e913156959ba547c7ca84de65592	
UploadFiles/xwzx/2023/6/202306021642081095.jpg	UploadFiles/xwzx/2023/6/202306021642081095.jpg	8852781	775239fbc212b4a287852639702a3156ddbe9b8d963ab201851f2dd0c754295e	775239fbc212b4a287852639702a3156ddbe9b8d963ab201851f2dd0c754295e	
UploadFiles/xwzx/2023/6/202306030838516136.png	UploadFiles/xwzx/2023/6/202306030838516136.png	74235	20d61502ebf65c6a1162c5c823330445c8b6ec4dc6af74732dadc42fbdfe4e90	20d61502ebf65c6a1162c5c823330445c8b6ec4dc6af74732dadc42fbdfe4e90	
UploadFiles/xwzx/2023/6/202306031057312476.png	UploadFiles/xwzx/2023/6/202306031057312476.png	52012	9b7115df2c70dfb06d00af929e851fbb407f15140b84879a5fef7c1e4fa4a69c	9b7115df2c70dfb06d00af929e851fbb407f15140b84879a5fef7c1e4fa4a69c	
UploadFiles/xwzx/2023/6/202306031058312341.png	UploadFiles/xwzx/2023/6/202306031058312341.png	51637	4cb22c7f7b4f5ea2c63a5ee4428127531d5fe17442dde4e646d174ff3e329c2e	4cb22c7f7b4f5ea2c63a5ee4428127531d5fe17442dde4e646d174ff3e329c2e	
UploadFiles/xwzx/2023/6/202306031523386679.png	UploadFiles/xwzx/2023/6/202306031523386679.png	74241	88d8285f5d0d152d31b1688d42d74ef1577d68c432a47bedd3ead6f856c424e4	88d8285f5d0d152d31b1688d42d74ef1577d68c432a47bedd3ead6f856c424e4	
UploadFiles/xwzx/2023/6/202306032213055406.png	UploadFiles/xwzx/2023/6/202306032213055406.png	26921	d2c0ac653fce7a4486108117a00b4851f15f09b9312f9adeb1d28b4d27a17eba	d2c0ac653fce7a4486108117a00b4851f15f09b9312f9adeb1d28b4d27a17eba	
UploadFiles/xwzx/2023/6/202306032213057123.png	UploadFiles/xwzx/2023/6/202306032213057123.png	30551	e2ac1d8da54bd80a47325a58dea81594b8a3a93d7a7dd8d483cf2b3c661cebce	e2ac1d8da54bd80a47325a58dea81594b8a3a93d7a7dd8d483cf2b3c661cebce	
UploadFiles/xwzx/2023/6/202306032213057519.png	UploadFiles/xwzx/2023/6/202306032213057519.png	26731	cc818d81b65fd3bffdf63224beaa31ed4697cf4d74760e2c7eec50824f852964	cc818d81b65fd3bffdf63224beaa31ed4697cf4d74760e2c7eec50824f852964	
UploadFiles/xwzx/2023/6/202306032213058298.png	UploadFiles/xwzx/2023/6/202306032213058298.png	26626	c05707db88cf41f44d79f84d061b63eb1e8b2fc1af50bb9715be94d10e89e8c4	c05707db88cf41f44d79f84d061b63eb1e8b2fc1af50bb9715be94d10e89e8c4	
UploadFiles/xwzx/2023/6/202306040836568890.png	UploadFiles/xwzx/2023/6/202306040836568890.png	32582	5a0aa101c47d0b2a1370d03a2b8c521c0493681d7abb5c6500690ba11282c1be	5a0aa101c47d0b2a1370d03a2b8c521c0493681d7abb5c6500690ba11282c1be	
UploadFiles/xwzx/2023/6/202306040842579751.jpg	UploadFiles/xwzx/2023/6/202306040842579751.jpg	261095	60a212474e07c1a4da1898c883319b317dce077d0c99ca70e561f1900885ab29	60a212474e07c1a4da1898c883319b317dce077d0c99ca70e561f1900885ab29	
UploadFiles/xwzx/2023/6/202306040842581358.jpg	UploadFiles/xwzx/2023/6/202306040842581358.jpg	169487	04848a55dd098551a10e814a2e623b308304882326bb7dcc5e343d04a11409f4	04848a55dd098551a10e814a2e623b308304882326bb7dcc5e343d04a11409f4	
UploadFiles/xwzx/2023/6/202306040842581939.jpg	UploadFiles/xwzx/2023/6/202306040842581939.jpg	257172	96cdc6f47588cd4570b531f51542a52800d485d0b0f96a287594317d39d77e87	96cdc6f47588cd4570b531f51542a52800d485d0b0f96a287594317d39d77e87	
UploadFiles/xwzx/2023/6/202306040842587398.jpg	UploadFiles/xwzx/2023/6/202306040842587398.jpg	226375	8a26e11511df1e05e6a35e98e046c32f1c3e4ff8ee30a4f67c0a3f4f1db1b13f	8a26e11511df1e05e6a35e98e046c32f1c3e4ff8ee30a4f67c0a3f4f1db1b13f	
UploadFiles/xwzx/2023/6/202306040842587820.jpg	UploadFiles/xwzx/2023/6/202306040842587820.jpg	197409	c0c55b5daf164653f7de675070cc646c127a04754c0a30ea85bebf0b39eb42f3	c0c55b5daf164653f7de675070cc646c127a04754c0a30ea85bebf0b39eb42f3	
UploadFiles/xwzx/2023/6/202306040842589568.jpg	UploadFiles/xwzx/2023/6/202306040842589568.jpg	279799	6b7cec5d16ad0f6b8bc9304b9c1cbff12946aa731a3a36c6678b55137221aad8	6b7cec5d16ad0f6b8bc9304b9c1cbff12946aa731a3a36c6678b55137221aad8	
UploadFiles/xwzx/2023/6/202306040846588422.png	UploadFiles/xwzx/2023/6/202306040846588422.png	1261998	223d9925f3efa6a22d98f8f765e1a35537869632dd684df42f5de8b1e3070a4c	223d9925f3efa6a22d98f8f765e1a35537869632dd684df42f5de8b1e3070a4c	
UploadFiles/xwzx/2023/6/202306040847412175.png	UploadFiles/xwzx/2023/6/202306040847412175.png	444302	0dca748789bcb48a0016a380ebae10f779357a7961e48443d5265b6d90832cbe	0dca748789bcb48a0016a380ebae10f779357a7961e48443d5265b6d90832cbe	
UploadFiles/xwzx/2023/6/202306040847419729.png	UploadFiles/xwzx/2023/6/202306040847419729.png	310141	10b1d9f249b9b7d55444d3407309ce80c8312858a43ffd8c35d30147b3ad099b	10b1d9f249b9b7d55444d3407309ce80c8312858a43ffd8c35d30147b3ad099b	
UploadFiles/xwzx/2023/6/202306040847446310.JPG	UploadFiles/xwzx/2023/6/202306040847446310.jpg	2238041	48a0246c4e207642f17218b13fb9fc9b9e4be5c069b9ea912c10d790e7b9599e	48a0246c4e207642f17218b13fb9fc9b9e4be5c069b9ea912c10d790e7b9599e	
UploadFiles/xwzx/2023/6/202306040847455620.JPG	UploadFiles/xwzx/2023/6/202306040847455620.jpg	4022723	1e78e8f5955f4e1149a290fb2614339395da1f7ba88d8b139a4e42e28d1efb45	1e78e8f5955f4e1149a290fb2614339395da1f7ba88d8b139a4e42e28d1efb45	
UploadFiles/xwzx/2023/6/202306040847469738.jpg	UploadFiles/xwzx/2023/6/202306040847469738.jpg	336424	d6f0695005bb0cce4ab0fb3ca79dc01daf362431c2b0782e37dd39f7301df4af	d6f0695005bb0cce4ab0fb3ca79dc01daf362431c2b0782e37dd39f7301df4af	
UploadFiles/xwzx/2023/6/202306040847525641.jpg	UploadFiles/xwzx/2023/6/202306040847525641.jpg	287257	7d496b005835e6d1acd97d91c323ac844381b12c4ef79f3cd9ea63d13fef74a5	7d496b005835e6d1acd97d91c323ac844381b12c4ef79f3cd9ea63d13fef74a5	
UploadFiles/xwzx/2023/6/202306040848015908.JPG	UploadFiles/xwzx/2023/6/202306040848015908.jpg	6914115	345bad3eb987baa848bf924ad4280c22c0e668763ec1438aa363dc95a209b9a2	345bad3eb987baa848bf924ad4280c22c0e668763ec1438aa363dc95a209b9a2	
UploadFiles/xwzx/2023/6/202306040848045641.JPG	UploadFiles/xwzx/2023/6/202306040848045641.jpg	5816642	c8d9f4e4e9af916eef8420a9d307954cfb706e193b384f8042eb78a07a7abbbb	c8d9f4e4e9af916eef8420a9d307954cfb706e193b384f8042eb78a07a7abbbb	
UploadFiles/xwzx/2023/6/202306040848070282.JPG	UploadFiles/xwzx/2023/6/202306040848070282.jpg	7584022	dfd16286d36d397a16d96a7c1aaf95bc1b05d20e83f985489185b924a48b9fbd	dfd16286d36d397a16d96a7c1aaf95bc1b05d20e83f985489185b924a48b9fbd	
UploadFiles/xwzx/2023/6/202306040848100906.JPG	UploadFiles/xwzx/2023/6/202306040848100906.jpg	8459945	11fcd98148724ddd047fabb2ec7b622dc45ecfe7552a081471a79fb92af242d8	11fcd98148724ddd047fabb2ec7b622dc45ecfe7552a081471a79fb92af242d8	
UploadFiles/xwzx/2023/6/202306040858077422.png	UploadFiles/xwzx/2023/6/202306040858077422.png	74900	5aefdea212df56e168447e21e3a4fe42536852bdbbc5a7a17981cb093a5565f1	5aefdea212df56e168447e21e3a4fe42536852bdbbc5a7a17981cb093a5565f1	
UploadFiles/xwzx/2023/6/202306041638226070.png	UploadFiles/xwzx/2023/6/202306041638226070.png	57723	c0d98a1eca2fcffaaafd998cb1a0a88280d4e7d375c62e16b152ed8828e78249	c0d98a1eca2fcffaaafd998cb1a0a88280d4e7d375c62e16b152ed8828e78249	
UploadFiles/xwzx/2023/6/202306041638439189.png	UploadFiles/xwzx/2023/6/202306041638439189.png	128028	424c65f76f5f3ee4e6d4e30dc9ff192840137a479ad417465b8ef297e3ff7f6e	424c65f76f5f3ee4e6d4e30dc9ff192840137a479ad417465b8ef297e3ff7f6e	
UploadFiles/xwzx/2023/6/202306041639028693.png	UploadFiles/xwzx/2023/6/202306041639028693.png	17712	b282d8ba680b0d2df93c5dd74773ae794f9d4ab1850e33639c691a56211646c8	b282d8ba680b0d2df93c5dd74773ae794f9d4ab1850e33639c691a56211646c8	
UploadFiles/xwzx/2023/6/202306050823009826.jpg	UploadFiles/xwzx/2023/6/202306050823009826.jpg	1767927	3f29ab005fafffd42beefa889c2fbfe33edd37aa4f5eaf923a67063c53b54638	3f29ab005fafffd42beefa889c2fbfe33edd37aa4f5eaf923a67063c53b54638	
UploadFiles/xwzx/2023/6/202306050823010201.jpg	UploadFiles/xwzx/2023/6/202306050823010201.jpg	4438374	f57c3d914f5805b2b67ac59d5c5cc2d8126b216b551f9e97568c8bd164159f5a	f57c3d914f5805b2b67ac59d5c5cc2d8126b216b551f9e97568c8bd164159f5a	
UploadFiles/xwzx/2023/6/202306050823016714.jpg	UploadFiles/xwzx/2023/6/202306050823016714.jpg	3620889	f50dc4c7fe646db8c7ed2f90ad77cb54b0766ee92ab18798831e43f652cc7193	f50dc4c7fe646db8c7ed2f90ad77cb54b0766ee92ab18798831e43f652cc7193	
UploadFiles/xwzx/2023/6/202306050823037019.jpg	UploadFiles/xwzx/2023/6/202306050823037019.jpg	4454122	c78f51fe2560507bed1e17e33ab1ec21485ce5fa4aa66a594ebb16cd29e1dd61	c78f51fe2560507bed1e17e33ab1ec21485ce5fa4aa66a594ebb16cd29e1dd61	
UploadFiles/xwzx/2023/6/202306051346487743.png	UploadFiles/xwzx/2023/6/202306051346487743.png	73878	ae4f2ed1a21b40d5ff6f93925d6438458eb6a931a6693500804f37695d21a604	ae4f2ed1a21b40d5ff6f93925d6438458eb6a931a6693500804f37695d21a604	
UploadFiles/xwzx/2023/6/202306060839130485.png	UploadFiles/xwzx/2023/6/202306060839130485.png	117388	1e058cba4bee89340b5fedb4ecb611a979c5c4133bfc30bfd00cdfc45be68a5d	1e058cba4bee89340b5fedb4ecb611a979c5c4133bfc30bfd00cdfc45be68a5d	
UploadFiles/xwzx/2023/6/202306061155039954.png	UploadFiles/xwzx/2023/6/202306061155039954.png	18171	54e6e5b0713930f76e21734a636000b8c77927368d0db2daa49c43b6951a041a	54e6e5b0713930f76e21734a636000b8c77927368d0db2daa49c43b6951a041a	
UploadFiles/xwzx/2023/6/202306111500226333.jpg	UploadFiles/xwzx/2023/6/202306111500226333.jpg	4350879	8a9412688a75e0cb9fde5663fc0258de484026d89e6acd75d3a4f2645befbad0	8a9412688a75e0cb9fde5663fc0258de484026d89e6acd75d3a4f2645befbad0	
UploadFiles/xwzx/2023/6/202306111501441542.jpg	UploadFiles/xwzx/2023/6/202306111501441542.jpg	98505	a79e141a28ed118fa8cd01a4bd2db0a8edad9b5feedfdc014f179bece475d88e	a79e141a28ed118fa8cd01a4bd2db0a8edad9b5feedfdc014f179bece475d88e	
UploadFiles/xwzx/2023/6/202306111501443387.jpg	UploadFiles/xwzx/2023/6/202306111501443387.jpg	37587	08850a4d3291a7b5952ebdab0614d73379482cde7d93a34beb4d2f03c99889b5	08850a4d3291a7b5952ebdab0614d73379482cde7d93a34beb4d2f03c99889b5	
UploadFiles/xwzx/2023/6/202306111501445591.jpg	UploadFiles/xwzx/2023/6/202306111501445591.jpg	106073	250637671b382f28477f063fcd368e59a775003dabc00823808a8bdb2a2a81a1	250637671b382f28477f063fcd368e59a775003dabc00823808a8bdb2a2a81a1	
UploadFiles/xwzx/2023/6/202306111501448757.png	UploadFiles/xwzx/2023/6/202306111501448757.png	190009	b2d61e5507f82c98dac66d7a0d7786774a811cd5c965813105a10825f9eacc5f	b2d61e5507f82c98dac66d7a0d7786774a811cd5c965813105a10825f9eacc5f	
UploadFiles/xwzx/2023/6/202306111501450993.jpg	UploadFiles/xwzx/2023/6/202306111501450993.jpg	99657	b9ab3f264808734ba6612f52dbc989f693a7337855fc25af68e654e350192d4d	b9ab3f264808734ba6612f52dbc989f693a7337855fc25af68e654e350192d4d	
UploadFiles/xwzx/2023/6/202306111501451763.png	UploadFiles/xwzx/2023/6/202306111501451763.png	227720	d50f1b257fec9d49147a4bba71ba36b5e153b17a3f874626d366d9907440d291	d50f1b257fec9d49147a4bba71ba36b5e153b17a3f874626d366d9907440d291	
UploadFiles/xwzx/2023/6/202306111501451994.png	UploadFiles/xwzx/2023/6/202306111501451994.png	232445	791ca08461088bf58c405ab402ed3adf876f81061848daaef9ff252bc5948d19	791ca08461088bf58c405ab402ed3adf876f81061848daaef9ff252bc5948d19	
UploadFiles/xwzx/2023/6/202306111501452492.png	UploadFiles/xwzx/2023/6/202306111501452492.png	212898	c2fff0e17900a1c61b1b327a3f0266819a43193fd43f4475ec3f4aaebaf68eb5	c2fff0e17900a1c61b1b327a3f0266819a43193fd43f4475ec3f4aaebaf68eb5	
UploadFiles/xwzx/2023/6/202306111501453326.png	UploadFiles/xwzx/2023/6/202306111501453326.png	235089	7ec0d0534c2967b0ab0a2255f52d191ee8cf3cb2f1c4a841f49cce9b1c6417c4	7ec0d0534c2967b0ab0a2255f52d191ee8cf3cb2f1c4a841f49cce9b1c6417c4	
UploadFiles/xwzx/2023/6/202306111501461408.png	UploadFiles/xwzx/2023/6/202306111501461408.png	228777	dee94acf4eb50b29022c02a65ced43c01cbe93e229eb717284a467e99422e369	dee94acf4eb50b29022c02a65ced43c01cbe93e229eb717284a467e99422e369	
UploadFiles/xwzx/2023/6/202306111501465009.png	UploadFiles/xwzx/2023/6/202306111501465009.png	283518	3f9769cad6be90daf9adc1692f2140920d43935fd02d86c56fd3125f97a1b9f2	3f9769cad6be90daf9adc1692f2140920d43935fd02d86c56fd3125f97a1b9f2	
UploadFiles/xwzx/2023/6/202306111501465901.png	UploadFiles/xwzx/2023/6/202306111501465901.png	233963	3cfdfa6395eec9b1707f109fcc8f9068e5c14fc41d4a0aa1faa1ca5cf98f4055	3cfdfa6395eec9b1707f109fcc8f9068e5c14fc41d4a0aa1faa1ca5cf98f4055	
UploadFiles/xwzx/2023/6/202306111501465908.png	UploadFiles/xwzx/2023/6/202306111501465908.png	265739	268d0834b8f1cd7c74d98cfcfe8350c8ecdb1a2b16da66a9535e064673561420	268d0834b8f1cd7c74d98cfcfe8350c8ecdb1a2b16da66a9535e064673561420	
UploadFiles/xwzx/2023/6/202306111501467169.png	UploadFiles/xwzx/2023/6/202306111501467169.png	357736	c74b3d09819c273d3c7dd6d4de1ab72a486cf05e74e61f8067ced27c06b62f19	c74b3d09819c273d3c7dd6d4de1ab72a486cf05e74e61f8067ced27c06b62f19	
UploadFiles/xwzx/2023/6/202306111501467687.png	UploadFiles/xwzx/2023/6/202306111501467687.png	233105	8467e7f682e4136efba414d55bdf7414dd39554bc5ec42c904ccd345de0b5d62	8467e7f682e4136efba414d55bdf7414dd39554bc5ec42c904ccd345de0b5d62	
UploadFiles/xwzx/2023/6/202306111501473634.png	UploadFiles/xwzx/2023/6/202306111501473634.png	287796	fd147ea3bc3d4db4de467c9f250ff8e4f58ef7632fd35debbba5fbff91b2bf9e	fd147ea3bc3d4db4de467c9f250ff8e4f58ef7632fd35debbba5fbff91b2bf9e	
UploadFiles/xwzx/2023/6/202306111501474865.png	UploadFiles/xwzx/2023/6/202306111501474865.png	198234	a827755a2ebb97b6131bc59af51035f2f23a4363c30e9eeada0013840ecf7369	a827755a2ebb97b6131bc59af51035f2f23a4363c30e9eeada0013840ecf7369	
UploadFiles/xwzx/2023/6/202306111501476497.png	UploadFiles/xwzx/2023/6/202306111501476497.png	231345	403d3be6d6791b291b39eb32070c5952b574c0b03b3262e694bead6053652c18	403d3be6d6791b291b39eb32070c5952b574c0b03b3262e694bead6053652c18	
UploadFiles/xwzx/2023/6/202306111503176859.jpg	UploadFiles/xwzx/2023/6/202306111503176859.jpg	1570505	311c3d737bb4a653700c486487634d148f149878f91bb4d16b779fe72904fcbe	311c3d737bb4a653700c486487634d148f149878f91bb4d16b779fe72904fcbe	
UploadFiles/xwzx/2023/6/202306111503192056.jpg	UploadFiles/xwzx/2023/6/202306111503192056.jpg	1322125	67b52f86a7f7c73ad898d5d731750266602249111c5bea782d002d8a3c032353	67b52f86a7f7c73ad898d5d731750266602249111c5bea782d002d8a3c032353	
UploadFiles/xwzx/2023/6/202306111503196174.jpg	UploadFiles/xwzx/2023/6/202306111503196174.jpg	1525986	ef3d824e59f139b91ce65cdd05ae69a373e59e388a479af3cfab43df1a89748b	ef3d824e59f139b91ce65cdd05ae69a373e59e388a479af3cfab43df1a89748b	
UploadFiles/xwzx/2023/6/202306111503213411.jpg	UploadFiles/xwzx/2023/6/202306111503213411.jpg	1579479	2ced698423d490d115b14fb674be357396388416fe588152fc3c307cd77a33f3	2ced698423d490d115b14fb674be357396388416fe588152fc3c307cd77a33f3	
UploadFiles/xwzx/2023/6/202306111503219780.jpg	UploadFiles/xwzx/2023/6/202306111503219780.jpg	424760	e618a29812e164b101e8e92003475fdb06d26f4618d891fdbc0773af7831cb08	e618a29812e164b101e8e92003475fdb06d26f4618d891fdbc0773af7831cb08	
UploadFiles/xwzx/2023/6/202306120944047876.png	UploadFiles/xwzx/2023/6/202306120944047876.png	74496	4243076ffdaa1a13e7a638b7d109ac835728e5fcfe8b4c533faae9990d349637	4243076ffdaa1a13e7a638b7d109ac835728e5fcfe8b4c533faae9990d349637	
UploadFiles/xwzx/2023/6/202306121629161313.png	UploadFiles/xwzx/2023/6/202306121629161313.png	28605	3ef312f8a787ce33b59ba02f55775a5e4952773ab8eab9e5d23a940ea39a4e76	3ef312f8a787ce33b59ba02f55775a5e4952773ab8eab9e5d23a940ea39a4e76	
UploadFiles/xwzx/2023/6/202306121629551910.png	UploadFiles/xwzx/2023/6/202306121629551910.png	35179	98296dff8a9ef46022c426461b522500c9e407c1dc7498f954825e091ada36c7	98296dff8a9ef46022c426461b522500c9e407c1dc7498f954825e091ada36c7	
UploadFiles/xwzx/2023/6/202306121630391019.png	UploadFiles/xwzx/2023/6/202306121630391019.png	21100	c4fc0666e8a3e10c8bd461b9d8503d0078290e1ffef01594565b0dc5491e9fe5	c4fc0666e8a3e10c8bd461b9d8503d0078290e1ffef01594565b0dc5491e9fe5	
UploadFiles/xwzx/2023/6/202306131047396633.png	UploadFiles/xwzx/2023/6/202306131047396633.png	74731	7731ea3d193555314f5c79910a9d131828b35bebdbe11da83b6bfd048223036d	7731ea3d193555314f5c79910a9d131828b35bebdbe11da83b6bfd048223036d	
UploadFiles/xwzx/2023/6/202306131103141149.jpg	UploadFiles/xwzx/2023/6/202306131103141149.jpg	166245	fc6083b7fea1bef80d7ed4708a362a2aaf8d714937fd7cb923d5bba0eaa01e3e	fc6083b7fea1bef80d7ed4708a362a2aaf8d714937fd7cb923d5bba0eaa01e3e	
UploadFiles/xwzx/2023/6/202306131451391621.png	UploadFiles/xwzx/2023/6/202306131451391621.png	34181	a13e946ea6803fa2592cda498407d23c2d5a62082a33206babebdc6008433188	a13e946ea6803fa2592cda498407d23c2d5a62082a33206babebdc6008433188	
UploadFiles/xwzx/2023/6/202306141058224128.png	UploadFiles/xwzx/2023/6/202306141058224128.png	75419	4613c18ad7acb4a5156fce5ec3836c8750b179be709d5ace986fa1a8e275c5c5	4613c18ad7acb4a5156fce5ec3836c8750b179be709d5ace986fa1a8e275c5c5	
UploadFiles/xwzx/2023/6/202306151029146171.png	UploadFiles/xwzx/2023/6/202306151029146171.png	74482	cdaaf7cdecd5668c71df552db8d1e2f54352db88fbf1323bb8ca615ba36b6fc8	cdaaf7cdecd5668c71df552db8d1e2f54352db88fbf1323bb8ca615ba36b6fc8	
UploadFiles/xwzx/2023/6/202306160954006136.png	UploadFiles/xwzx/2023/6/202306160954006136.png	74058	438c65b7eb333cc68cc3c08de1673637974dd2ea680f6b3d91b44d23ed7fdb68	438c65b7eb333cc68cc3c08de1673637974dd2ea680f6b3d91b44d23ed7fdb68	
UploadFiles/xwzx/2023/6/202306190811057586.jpg	UploadFiles/xwzx/2023/6/202306190811057586.jpg	10344730	339ab5d62634818be2f2173453e54f8a525034857ecbbe6ce3b439c240a6dac3	339ab5d62634818be2f2173453e54f8a525034857ecbbe6ce3b439c240a6dac3	
UploadFiles/xwzx/2023/6/202306190811166252.JPG	UploadFiles/xwzx/2023/6/202306190811166252.jpg	15037425	15ac8d01421ced8b6cf2480aba4e7347348e289af0d3fb3a2522b7213958192f	15ac8d01421ced8b6cf2480aba4e7347348e289af0d3fb3a2522b7213958192f	
UploadFiles/xwzx/2023/6/202306190811410585.JPG	UploadFiles/xwzx/2023/6/202306190811410585.jpg	15879352	58972c103b56fbdc1f5988d8f4e28a4a97b9ff2212c767fa8bf6343a0e850623	58972c103b56fbdc1f5988d8f4e28a4a97b9ff2212c767fa8bf6343a0e850623	
UploadFiles/xwzx/2023/6/202306190811430136.JPG	UploadFiles/xwzx/2023/6/202306190811430136.jpg	16468091	52994b16c4256cfab276dae626581b0d4b2107e669c1054db9787f730a097ac9	52994b16c4256cfab276dae626581b0d4b2107e669c1054db9787f730a097ac9	
UploadFiles/xwzx/2023/6/202306190812030474.JPG	UploadFiles/xwzx/2023/6/202306190812030474.jpg	15760198	8c66a20d798dab6b33807cd38b6eb0643dfc167c115ba393db0e655a1e6b4f8c	8c66a20d798dab6b33807cd38b6eb0643dfc167c115ba393db0e655a1e6b4f8c	
UploadFiles/xwzx/2023/6/202306190812092998.JPG	UploadFiles/xwzx/2023/6/202306190812092998.jpg	13593127	dfc0a30467f3119d480dc10857c69d03a4f6b7fb7fead8e41ef4ed33698665d5	dfc0a30467f3119d480dc10857c69d03a4f6b7fb7fead8e41ef4ed33698665d5	
UploadFiles/xwzx/2023/6/202306190812161979.jpg	UploadFiles/xwzx/2023/6/202306190812161979.jpg	3571901	89fe51034994e8137fdc62e602acb8a01f508ec88c5b5795b976b9d1a33d7bc3	89fe51034994e8137fdc62e602acb8a01f508ec88c5b5795b976b9d1a33d7bc3	
UploadFiles/xwzx/2023/6/202306190812228863.jpg	UploadFiles/xwzx/2023/6/202306190812228863.jpg	4142623	43f8c40888483485e8405f8ba7bcee119b6844636cfb328573ac6cd7785f8737	43f8c40888483485e8405f8ba7bcee119b6844636cfb328573ac6cd7785f8737	
UploadFiles/xwzx/2023/6/202306190812233456.JPG	UploadFiles/xwzx/2023/6/202306190812233456.jpg	14607059	c0197d4fa27bf810ad81f3088cda91b7eef0b5066195d690d2bdead23ecac300	c0197d4fa27bf810ad81f3088cda91b7eef0b5066195d690d2bdead23ecac300	
UploadFiles/xwzx/2023/6/202306190812266597.JPG	UploadFiles/xwzx/2023/6/202306190812266597.jpg	13797604	ba6fc4fd0058e733333e37c8abf4ec9b72fab8c92a2fd7182b070f22ed190cae	ba6fc4fd0058e733333e37c8abf4ec9b72fab8c92a2fd7182b070f22ed190cae	
UploadFiles/xwzx/2023/6/202306190824170114.jpg	UploadFiles/xwzx/2023/6/202306190824170114.jpg	2076500	1c47971affcbf1dd6cf3e9ba7f6493a6bf8077d5955a5eeaf9a2700a9ad4e78b	1c47971affcbf1dd6cf3e9ba7f6493a6bf8077d5955a5eeaf9a2700a9ad4e78b	
UploadFiles/xwzx/2023/6/202306190824294398.jpg	UploadFiles/xwzx/2023/6/202306190824294398.jpg	2909939	0be085a4e2d65e6a48bb34653ba6965f612080387440adca856bcd53d1c804ad	0be085a4e2d65e6a48bb34653ba6965f612080387440adca856bcd53d1c804ad	
UploadFiles/xwzx/2023/6/202306190824485832.jpg	UploadFiles/xwzx/2023/6/202306190824485832.jpg	904810	429b5487b9b21ce780160e8053ddb71b6c2fa4b8e598a694f6233b8524eb1f18	429b5487b9b21ce780160e8053ddb71b6c2fa4b8e598a694f6233b8524eb1f18	
UploadFiles/xwzx/2023/6/202306190824490788.jpg	UploadFiles/xwzx/2023/6/202306190824490788.jpg	832376	7308bb6f0fbefc5776538674dd102a3e5240424b21baccc2eee2aaa0c2c0404d	7308bb6f0fbefc5776538674dd102a3e5240424b21baccc2eee2aaa0c2c0404d	
UploadFiles/xwzx/2023/6/202306190824514531.jpg	UploadFiles/xwzx/2023/6/202306190824514531.jpg	2624974	fe028aebd526a999925c56bab77beab0a6abcde5823eaac659896451f7144164	fe028aebd526a999925c56bab77beab0a6abcde5823eaac659896451f7144164	
UploadFiles/xwzx/2023/6/202306190825078525.jpg	UploadFiles/xwzx/2023/6/202306190825078525.jpg	1579911	a1be5f96cdb5273e60d1a61214c63885c54f60a54999dc4b4d0508ade15a5a83	a1be5f96cdb5273e60d1a61214c63885c54f60a54999dc4b4d0508ade15a5a83	
UploadFiles/xwzx/2023/6/202306190825325941.jpg	UploadFiles/xwzx/2023/6/202306190825325941.jpg	2893524	8d8950bece84172f67084b241d0f79d024a361c76521f0f562d05078fd4112aa	8d8950bece84172f67084b241d0f79d024a361c76521f0f562d05078fd4112aa	
UploadFiles/xwzx/2023/6/202306190825326605.jpg	UploadFiles/xwzx/2023/6/202306190825326605.jpg	1240321	9c58cc2e6a19822419a616c680cb1406b839c664a40d9c38fd6680a46e5c5322	9c58cc2e6a19822419a616c680cb1406b839c664a40d9c38fd6680a46e5c5322	
UploadFiles/xwzx/2023/6/202306190826007448.jpg	UploadFiles/xwzx/2023/6/202306190826007448.jpg	2730482	c7c5c60e6599550c2b4cd8b20008259d607add0e304a0a8703c182054154c1f7	c7c5c60e6599550c2b4cd8b20008259d607add0e304a0a8703c182054154c1f7	
UploadFiles/xwzx/2023/6/202306190826024426.jpg	UploadFiles/xwzx/2023/6/202306190826024426.jpg	2755808	ced66894debdaf9b4fdef95471b777c82cb8bd712bed5589e2d7b9466ad45875	ced66894debdaf9b4fdef95471b777c82cb8bd712bed5589e2d7b9466ad45875	
UploadFiles/xwzx/2023/6/202306190826029930.jpg	UploadFiles/xwzx/2023/6/202306190826029930.jpg	1163507	b491feff38cb70b23c8af8d032a233f18e9d5924a43c847b790cab44f88ff16d	b491feff38cb70b23c8af8d032a233f18e9d5924a43c847b790cab44f88ff16d	
UploadFiles/xwzx/2023/6/202306190826186607.jpg	UploadFiles/xwzx/2023/6/202306190826186607.jpg	2580290	ca499f7d2e354899bbfeb79754bbc9e11fa314bd1475fac6c94a23baee904994	ca499f7d2e354899bbfeb79754bbc9e11fa314bd1475fac6c94a23baee904994	
UploadFiles/xwzx/2023/6/202306191044576485.png	UploadFiles/xwzx/2023/6/202306191044576485.png	74489	ce274f68728cd9d33047b84ff8a6ef3dfe791a104b709a66c63bf76a0cd685c8	ce274f68728cd9d33047b84ff8a6ef3dfe791a104b709a66c63bf76a0cd685c8	
UploadFiles/xwzx/2023/6/202306201053568827.png	UploadFiles/xwzx/2023/6/202306201053568827.png	14301	d3c604a1233c53c4467c3be34886819cafaa9d3dc0e0b06c56e2450701c7599e	d3c604a1233c53c4467c3be34886819cafaa9d3dc0e0b06c56e2450701c7599e	
UploadFiles/xwzx/2023/6/202306201054492420.png	UploadFiles/xwzx/2023/6/202306201054492420.png	14159	42e3a80343cda04531ced310ac6f611d4ef5f234581c8c3ccdc50a6f0426c2f3	42e3a80343cda04531ced310ac6f611d4ef5f234581c8c3ccdc50a6f0426c2f3	
UploadFiles/xwzx/2023/6/202306211627253851.png	UploadFiles/xwzx/2023/6/202306211627253851.png	74245	573ec78e1ec85e0e108534fc5ff6e1d2614beb8d797dfa6e0b645502a6fb15a1	573ec78e1ec85e0e108534fc5ff6e1d2614beb8d797dfa6e0b645502a6fb15a1	
UploadFiles/xwzx/2023/6/202306250913381395.png	UploadFiles/xwzx/2023/6/202306250913381395.png	74725	2fe24832c9d12a90237e409afbf74e86624b159e8587cde1705d28c307ae1114	2fe24832c9d12a90237e409afbf74e86624b159e8587cde1705d28c307ae1114	
UploadFiles/xwzx/2023/6/202306251048493708.png	UploadFiles/xwzx/2023/6/202306251048493708.png	14645	a1f25262984916c74a526886d997d9002399d713d5b38362f3c2d916e011d7ac	a1f25262984916c74a526886d997d9002399d713d5b38362f3c2d916e011d7ac	
UploadFiles/xwzx/2023/6/202306251435498806.png	UploadFiles/xwzx/2023/6/202306251435498806.png	1521089	18e031c232bb6b0f57030f0ae06ea2df445e692d551e7b1da696668108d6c28a	18e031c232bb6b0f57030f0ae06ea2df445e692d551e7b1da696668108d6c28a	
UploadFiles/xwzx/2023/6/202306251437301762.jpg	UploadFiles/xwzx/2023/6/202306251437301762.jpg	1249695	558f5cbc43bb3a96a90313e0fcb0c4e6ae3a7e515358e9401b82ace7786dcadd	558f5cbc43bb3a96a90313e0fcb0c4e6ae3a7e515358e9401b82ace7786dcadd	
UploadFiles/xwzx/2023/6/202306251437313390.jpg	UploadFiles/xwzx/2023/6/202306251437313390.jpg	895203	88fb2901cfecd25ca96b14b097c6c479e42aff383a85053de130945f0fe2daa7	88fb2901cfecd25ca96b14b097c6c479e42aff383a85053de130945f0fe2daa7	
UploadFiles/xwzx/2023/6/202306251437351434.jpg	UploadFiles/xwzx/2023/6/202306251437351434.jpg	2721818	3fa94222977531c085210c1ca6fa278e6828ceeb9fc7158066c2df30263694db	3fa94222977531c085210c1ca6fa278e6828ceeb9fc7158066c2df30263694db	
UploadFiles/xwzx/2023/6/202306251437351910.jpg	UploadFiles/xwzx/2023/6/202306251437351910.jpg	274648	9657405cf0144ac59253ba9033aa067b41d4431414ad3570510869e7f70cec14	9657405cf0144ac59253ba9033aa067b41d4431414ad3570510869e7f70cec14	
UploadFiles/xwzx/2023/6/202306251437364592.jpg	UploadFiles/xwzx/2023/6/202306251437364592.jpg	252261	7ce3df0e62bd063d1d0e89462d7e37c1cac71a86b613b6d30e7b12b1287923d8	7ce3df0e62bd063d1d0e89462d7e37c1cac71a86b613b6d30e7b12b1287923d8	
UploadFiles/xwzx/2023/6/202306251437369548.jpg	UploadFiles/xwzx/2023/6/202306251437369548.jpg	257349	8c525495e2dfc44f7a65e791c48dc77d5ecd5ba633c483dfde3c65030c4697d1	8c525495e2dfc44f7a65e791c48dc77d5ecd5ba633c483dfde3c65030c4697d1	
UploadFiles/xwzx/2023/6/202306251437371402.jpg	UploadFiles/xwzx/2023/6/202306251437371402.jpg	225609	3a235b81aea1a9ad1b26dfcba1acdfe3a26196a79ceecae2af8871ab5fb32f8a	3a235b81aea1a9ad1b26dfcba1acdfe3a26196a79ceecae2af8871ab5fb32f8a	
UploadFiles/xwzx/2023/6/202306251437372649.jpg	UploadFiles/xwzx/2023/6/202306251437372649.jpg	236293	3f791015de1d298887a9957808e68b7241d7c09bc152444fdf8f41495e7ab584	3f791015de1d298887a9957808e68b7241d7c09bc152444fdf8f41495e7ab584	
UploadFiles/xwzx/2023/6/202306251437376019.jpg	UploadFiles/xwzx/2023/6/202306251437376019.jpg	256018	e26eaf4aeb8d89c3dea055da6315b7c994ad12b95a3f2200caa61e857b504441	e26eaf4aeb8d89c3dea055da6315b7c994ad12b95a3f2200caa61e857b504441	
UploadFiles/xwzx/2023/6/202306251437385479.jpg	UploadFiles/xwzx/2023/6/202306251437385479.jpg	248845	1cc4683fc26c49313f1c45d519a247cdc59a838f719602fc438c8a818f0a8fd6	1cc4683fc26c49313f1c45d519a247cdc59a838f719602fc438c8a818f0a8fd6	
UploadFiles/xwzx/2023/6/202306251437390640.jpg	UploadFiles/xwzx/2023/6/202306251437390640.jpg	267551	fdfe38f79c18eba4c29b41bdd8bb5a25b15e31b8bf6b57786053c3c75cb1b849	fdfe38f79c18eba4c29b41bdd8bb5a25b15e31b8bf6b57786053c3c75cb1b849	
UploadFiles/xwzx/2023/6/202306251437397222.jpg	UploadFiles/xwzx/2023/6/202306251437397222.jpg	163557	9d5277ea6b931656170375e5b375d959495a254046ef9d318eb6c5210591428b	9d5277ea6b931656170375e5b375d959495a254046ef9d318eb6c5210591428b	
UploadFiles/xwzx/2023/6/202306251437398901.jpg	UploadFiles/xwzx/2023/6/202306251437398901.jpg	215530	d6bac4da9730b08652f18d0214673408065e1a5ade88316981ac8f46f1305530	d6bac4da9730b08652f18d0214673408065e1a5ade88316981ac8f46f1305530	
UploadFiles/xwzx/2023/6/202306251437404116.jpg	UploadFiles/xwzx/2023/6/202306251437404116.jpg	202230	217d10bb22e1e0e1c8ea758561a256c03f4e022645cd164646b949e31b0cc8bc	217d10bb22e1e0e1c8ea758561a256c03f4e022645cd164646b949e31b0cc8bc	
UploadFiles/xwzx/2023/6/202306251437408362.jpg	UploadFiles/xwzx/2023/6/202306251437408362.jpg	246761	71d30d1cb51c31fca5ea1e3ff40c2c28fe04155b9717f14820a1cb9527da521f	71d30d1cb51c31fca5ea1e3ff40c2c28fe04155b9717f14820a1cb9527da521f	
UploadFiles/xwzx/2023/6/202306251437410427.jpg	UploadFiles/xwzx/2023/6/202306251437410427.jpg	211758	c62413edb1119dd7f4082f7c22d984936c594724c5beb540a3ee942deba44dff	c62413edb1119dd7f4082f7c22d984936c594724c5beb540a3ee942deba44dff	
UploadFiles/xwzx/2023/6/202306251437411074.jpg	UploadFiles/xwzx/2023/6/202306251437411074.jpg	174855	ff5c9bea9f13b1412de021f91725a5d43a109ff7803154b4c174a3aa3978c8a8	ff5c9bea9f13b1412de021f91725a5d43a109ff7803154b4c174a3aa3978c8a8	
UploadFiles/xwzx/2023/6/202306251437418845.jpg	UploadFiles/xwzx/2023/6/202306251437418845.jpg	273854	d5c107c1685cbb748eb2cffc24c0ab7822de05c04ad64c05e32971f252778084	d5c107c1685cbb748eb2cffc24c0ab7822de05c04ad64c05e32971f252778084	
UploadFiles/xwzx/2023/6/202306251437428588.jpg	UploadFiles/xwzx/2023/6/202306251437428588.jpg	206520	4d7e79746b58cc8281cad5875d1a6f54aa9310196332b6cdea94e0790e78fde2	4d7e79746b58cc8281cad5875d1a6f54aa9310196332b6cdea94e0790e78fde2	
UploadFiles/xwzx/2023/6/202306251437430846.jpg	UploadFiles/xwzx/2023/6/202306251437430846.jpg	8656411	38ae11b7281ead174a7760b17d6804a7c61323e766a58ae562f7307834548069	38ae11b7281ead174a7760b17d6804a7c61323e766a58ae562f7307834548069	
UploadFiles/xwzx/2023/6/202306251437459019.jpg	UploadFiles/xwzx/2023/6/202306251437459019.jpg	5178931	f3a872957f3616c8adda09e4626cbd697ad6c0a68cecabd452d7b793984bb96f	f3a872957f3616c8adda09e4626cbd697ad6c0a68cecabd452d7b793984bb96f	
UploadFiles/xwzx/2023/6/202306251437482342.jpg	UploadFiles/xwzx/2023/6/202306251437482342.jpg	3982610	2e3194d578abd73ea942e0e319d0a4be71ef83bb00983c8998f0cd58b5a46432	2e3194d578abd73ea942e0e319d0a4be71ef83bb00983c8998f0cd58b5a46432	
UploadFiles/xwzx/2023/6/202306251437483159.jpg	UploadFiles/xwzx/2023/6/202306251437483159.jpg	5960636	63a296ce14e1008e05b93b099aa38e5263c3c7b229d1257fd83429801b157b96	63a296ce14e1008e05b93b099aa38e5263c3c7b229d1257fd83429801b157b96	
UploadFiles/xwzx/2023/6/202306251438558480.JPG	UploadFiles/xwzx/2023/6/202306251438558480.jpg	16224852	e4f456e0b8955ba6651a43ccb5efddab651fb7444d98244282d1f7765b8925a0	e4f456e0b8955ba6651a43ccb5efddab651fb7444d98244282d1f7765b8925a0	
UploadFiles/xwzx/2023/6/202306251439078904.JPG	UploadFiles/xwzx/2023/6/202306251439078904.jpg	17544137	763be65d1d96a7b1ab8d1b681129acf77df00b8d9538293f57d436a4eee6dca8	763be65d1d96a7b1ab8d1b681129acf77df00b8d9538293f57d436a4eee6dca8	
UploadFiles/xwzx/2023/6/202306251439096328.JPG	UploadFiles/xwzx/2023/6/202306251439096328.jpg	15932020	763c8727d8162e6d653faa68de15a1236be17d5e3c5fcfe8109d467b72cf5f63	763c8727d8162e6d653faa68de15a1236be17d5e3c5fcfe8109d467b72cf5f63	
UploadFiles/xwzx/2023/6/202306251439188748.JPG	UploadFiles/xwzx/2023/6/202306251439188748.jpg	15716243	d4354c0acc5b6bca04ee1cb792add6bef85888e488d93cb7e0f5b63fa8fa5914	d4354c0acc5b6bca04ee1cb792add6bef85888e488d93cb7e0f5b63fa8fa5914	
UploadFiles/xwzx/2023/6/202306251439253269.JPG	UploadFiles/xwzx/2023/6/202306251439253269.jpg	14943112	99b390ce020a206a92f7711508a567b709a2f651569f895ad81f3648c557dd56	99b390ce020a206a92f7711508a567b709a2f651569f895ad81f3648c557dd56	
UploadFiles/xwzx/2023/6/202306251439338920.JPG	UploadFiles/xwzx/2023/6/202306251439338920.jpg	14390592	1a720fcc1c439c1a9fa853e01b38ed0ce2cba718d82c57eb8fbe640e20ff89d6	1a720fcc1c439c1a9fa853e01b38ed0ce2cba718d82c57eb8fbe640e20ff89d6	
UploadFiles/xwzx/2023/6/202306251439358818.JPG	UploadFiles/xwzx/2023/6/202306251439358818.jpg	17218525	5cefd033b51a1534156b2529b11210d2ccbee5659e6da5f264a2f2cb4c0a9905	5cefd033b51a1534156b2529b11210d2ccbee5659e6da5f264a2f2cb4c0a9905	
UploadFiles/xwzx/2023/6/202306251439389244.JPG	UploadFiles/xwzx/2023/6/202306251439389244.jpg	12866085	aaaaddb3564ea38c81d25b7a394a42685fe3cabf9ab589ea17e390d552444ffb	aaaaddb3564ea38c81d25b7a394a42685fe3cabf9ab589ea17e390d552444ffb	
UploadFiles/xwzx/2023/6/202306260937016191.png	UploadFiles/xwzx/2023/6/202306260937016191.png	23371	bf0bea8d2f20b542acd61ad84a9aa987cb60c5b78bd1c280578484414a0977bf	bf0bea8d2f20b542acd61ad84a9aa987cb60c5b78bd1c280578484414a0977bf	
UploadFiles/xwzx/2023/6/202306260938577809.png	UploadFiles/xwzx/2023/6/202306260938577809.png	74529	383f71c1dda1758bd2cb7ab7f665d96d3e79f2f9d9cb9048c7c04c9efeb5f8e1	383f71c1dda1758bd2cb7ab7f665d96d3e79f2f9d9cb9048c7c04c9efeb5f8e1	
UploadFiles/xwzx/2023/6/202306270950099950.png	UploadFiles/xwzx/2023/6/202306270950099950.png	74278	194bca7863f85a78b12c329b0fb750f8e9fab2e8be565ac7bfa89120c999ac09	194bca7863f85a78b12c329b0fb750f8e9fab2e8be565ac7bfa89120c999ac09	
UploadFiles/xwzx/2023/6/202306280910013370.png	UploadFiles/xwzx/2023/6/202306280910013370.png	74701	aa165b76e8ed1b9251304d0d2b765376dc0a3224263bcdf991cde7304cd20398	aa165b76e8ed1b9251304d0d2b765376dc0a3224263bcdf991cde7304cd20398	
UploadFiles/xwzx/2023/6/202306281036207418.png	UploadFiles/xwzx/2023/6/202306281036207418.png	41940	1414acfbd62d3a319e458dc4d7ff660125030118caf0f6b879654fdf8116901f	1414acfbd62d3a319e458dc4d7ff660125030118caf0f6b879654fdf8116901f	
UploadFiles/xwzx/2023/6/202306291430018471.png	UploadFiles/xwzx/2023/6/202306291430018471.png	74506	cd2b03f8cdfa688a7c69a89cb9cac9592aa14932831dcdcaf4ae1cf76c66206f	cd2b03f8cdfa688a7c69a89cb9cac9592aa14932831dcdcaf4ae1cf76c66206f	
